This is LuaHBTeX, Version 1.22.0 (TeX Live 2025)  (format=lualatex 2025.9.4)  15 SEP 2025 12:25
 restricted system commands enabled.
**\input{preamble-basic.tex}
Lua module: luaotfload 2024-12-03 v3.29 Lua based OpenType font support
Lua module: lualibs 2023-07-13 v2.76 ConTeXt Lua standard libraries.
Lua module: lualibs-extended 2023-07-13 v2.76 ConTeXt Lua libraries -- extended collection.
luaotfload | conf : Root cache directory is "/usr/local/texlive/2025/texmf-var/luatex-cache/generic/names".
luaotfload | init : Loading fontloader "fontloader-2023-12-28.lua" from kpse-resolved path "/usr/local/texlive/2025/texmf-dist/tex/luatex/luaotfload/fontloader-2023-12-28.lua".
Lua-only attribute luaotfload@noligature = 1
luaotfload | init : Context OpenType loader version 3.134
Inserting `luaotfload.node_processor' in `pre_linebreak_filter'.
Inserting `luaotfload.node_processor' in `hpack_filter'.
Inserting `luaotfload.glyph_stream' in `glyph_stream_provider'.
Inserting `luaotfload.define_font' in `define_font'.
Lua-only attribute luaotfload_color_attribute = 2
luaotfload | conf : Root cache directory is "/usr/local/texlive/2025/texmf-var/luatex-cache/generic/names".
Inserting `luaotfload.harf.strip_prefix' in `find_opentype_file'.
Inserting `luaotfload.harf.strip_prefix' in `find_truetype_file'.
Removing  `luaotfload.glyph_stream' from `glyph_stream_provider'.
Inserting `luaotfload.harf.glyphstream' in `glyph_stream_provider'.
Inserting `luaotfload.harf.finalize_vlist' in `post_linebreak_filter'.
Inserting `luaotfload.harf.finalize_hlist' in `hpack_filter'.
Inserting `luaotfload.cleanup_files' in `wrapup_run'.
Inserting `luaotfload.harf.finalize_unicode' in `finish_pdffile'.
Inserting `luaotfload.glyphinfo' in `glyph_info'.
Lua-only attribute luaotfload.letterspace_done = 3
Inserting `luaotfload.aux.set_sscale_dimens' in `luaotfload.patch_font'.
Inserting `luaotfload.aux.set_font_index' in `luaotfload.patch_font'.
Inserting `luaotfload.aux.patch_cambria_domh' in `luaotfload.patch_font'.
Inserting `luaotfload.aux.fixup_fontdata' in `luaotfload.patch_font_unsafe'.
Inserting `luaotfload.aux.set_capheight' in `luaotfload.patch_font'.
Inserting `luaotfload.aux.set_xheight' in `luaotfload.patch_font'.
Inserting `luaotfload.rewrite_fontname' in `luaotfload.patch_font'.
Inserting `tracingstacklevels' in `input_level_string'.
(/usr/local/texlive/texmf-local/tex/preamble-basic.tex
(/usr/local/texlive/2025/texmf-dist/tex/latex/latex-lab/documentmetadata-suppor
t.ltx
(/usr/local/texlive/2025/texmf-dist/tex/latex/pdfmanagement-testphase/pdfmanage
ment-testphase.sty
Package: pdfmanagement-testphase 2025-08-05 v0.96v LaTeX PDF management bundle

(/usr/local/texlive/2025/texmf-dist/tex/latex/tagpdf/tagpdf-base.sty
Package: tagpdf-base 2025-07-16 v0.99u part of tagpdf - provide base, no-op ver
sions of the user commands 
\c@g__tag_MCID_abs_int=\count273
\c@g__tag_struct_abs_int=\count274
)
(/usr/local/texlive/2025/texmf-dist/tex/latex/pdfmanagement-testphase/pdfmanage
ment.ltx
File: pdfmanagement.ltx 2025-08-05 v0.96v PDF management code
\g__pdfmanagement_EmbeddedFiles_int=\count275
\l__pdfmeta_xmp_indent_int=\count276
\g_pdffile_embed_pdfa_int=\count277
\g_pdffile_embed_nonpdfa_int=\count278
)))
(/usr/local/texlive/2025/texmf-dist/tex/latex/l3backend/l3backend-luatex.def
File: l3backend-luatex.def 2025-06-09 L3 backend support: PDF output (LuaTeX)
\l__color_backend_stack_int=\count279
Inserting `l3color' in `luaotfload.parse_color'.
Inserting `l3opacity' in `luaotfload.parse_transparent'.)
(/usr/local/texlive/2025/texmf-dist/tex/latex/pdfmanagement-testphase/l3backend
-testphase-luatex.def
File: l3backend-testphase-luatex.def 2025-08-05 v0.96s LaTeX PDF management bun
dle backend support:PDFoutput(LuaTeX)
\l__pdf_backend_tmpa_box=\box53
\l__pdf_backend_tmpb_box=\box54
\g__pdf_backend_resourceid_int=\count280
\g__pdf_backend_name_int=\count281
\g__pdf_backend_page_int=\count282
Custom whatsit pdf_link_adjust_level = 1
Inserting `linksplit' in `pre_shipout_filter'.
Lua function pdflinkadjustlevel = 29)
(/usr/local/texlive/2025/texmf-dist/tex/latex/latex-lab/phase-II-latex-lab-test
phase.ltx
File: phase-II-latex-lab-testphase.ltx 2023-06-15 v0.1b latex-lab wrapper phase
-II

(/usr/local/texlive/2025/texmf-dist/tex/latex/latex-lab/latex-lab-testphase-new
-or-1.sty
Package: latex-lab-testphase-new-or-1 2025-05-10 v0.85d Temporary output patche
s for tagging and better link support -- no longer active
)
(/usr/local/texlive/2025/texmf-dist/tex/latex/latex-lab/latex-lab-testphase-new
-or-2.sty
Package: latex-lab-testphase-new-or-2 2025-05-10 v0.86d Changes to the output r
outine

(/usr/local/texlive/2025/texmf-dist/tex/latex/latex-lab/latex-lab-footnotes.ltx
File: latex-lab-footnotes.ltx 2025-05-09 v0.8m changes to the footnote interfac
es
\footnotemargin=\dimen147
)) (/usr/local/texlive/2025/texmf-dist/tex/latex/tagpdf/tagpdf.sty
Package: tagpdf 2025-07-16 v0.99u  LaTeX kernel code for PDF tagging 
\l__tag_tmpa_int=\count283
\l__tag_tmpa_box=\box55
\l__tag_tmpb_box=\box56
\l__tag_loglevel_int=\count284
\g__tag_unique_cnt_int=\count285
\l__tag_tag_stop_int=\count286

(/usr/local/texlive/2025/texmf-dist/tex/latex/tagpdf/tagpdf-luatex.def
File: tagpdf-luatex.def 2025-07-16 v0.99u tagpdf driver for luatex
luaotfload | db : Font names database loaded from /usr/local/texlive/2025/texmf-
var/luatex-cache/generic/names/luaotfload-names.luc.gz
Lua module: tagpdf 2025-07-16 v0.99u tagpdf lua code
Lua-only attribute g__tag_mc_type_attr = 4
Lua-only attribute g__tag_mc_cnt_attr = 5
Lua-only attribute g__tag_structnum_attr = 6
Lua-only attribute g__tag_interwordspaceOff_attr = 7
Lua-only attribute g__tag_interwordspace_attr = 8
Lua-only attribute g__tag_interwordfont_attr = 9
Inserting `tagpdf.rewrite-softhyphen' in `pre_shaping_filter'.
Inserting `tagpdf.rewrite-softhyphen' in `post_shaping_filter'.
Inserting `tagpdf' in `linksplit'.)
(/usr/local/texlive/2025/texmf-dist/tex/latex/tagpdf/tagpdf-mc-code-lua.sty
Package: tagpdf-mc-code-lua 2025-07-16 v0.99u tagpdf - mc code only for the lua
mode 
)
\g__tag_tree_id_pad_int=\count287
\c@g__tag_parenttree_obj_int=\count288

Package tagpdf Info: reading namespace definitions tagpdf-ns-pdf.def


Package tagpdf Info: reading namespace definitions tagpdf-ns-pdf2.def


Package tagpdf Info: reading namespace definitions tagpdf-ns-mathml.def


Package tagpdf Info: reading namespace definitions tagpdf-ns-latex-book.def


Package tagpdf Info: reading namespace definitions tagpdf-ns-latex.def


Package tagpdf Info: reading namespace definitions tagpdf-ns-latex-lab.def


Package tagpdf Info: reading namespace definitions tagpdf-ns-pdf.def


Package tagpdf Info: reading namespace definitions tagpdf-ns-pdf2.def

\g__tag_struct_AFobj_int=\count289
\g__tag_para_begin_int=\count290
\g__tag_para_end_int=\count291
\g__tag_para_main_begin_int=\count292
\g__tag_para_main_end_int=\count293
)
Inserting `markspaces' in `pre_linebreak_filter'.
Inserting `markspaces' in `hpack_filter'.)
(/usr/local/texlive/2025/texmf-dist/tex/latex/pdfmanagement-testphase/pdfmanage
ment-firstaid.sty
Package: pdfmanagement-firstaid 2025-08-05 v0.96v LaTeX PDF management bundle /
 firstaid-patches

Package pdfmanagement Info: loading pdfmanagement firstaid code for pgf

)
(/usr/local/texlive/2025/texmf-dist/tex/latex/base/article.cls
Document Class: article 2025/01/22 v1.4n Standard LaTeX document class
(/usr/local/texlive/2025/texmf-dist/tex/latex/base/size12.clo
File: size12.clo 2025/01/22 v1.4n Standard LaTeX file (size option)
)
\c@part=\count294
\c@section=\count295
\c@subsection=\count296
\c@subsubsection=\count297
\c@paragraph=\count298
\c@subparagraph=\count299
\c@figure=\count300
\c@table=\count301
\abovecaptionskip=\skip49
\belowcaptionskip=\skip50
\bibindent=\dimen148
)
(/usr/local/texlive/texmf-local/tex/colorsettings.tex
(/usr/local/texlive/2025/texmf-dist/tex/latex/xcolor/xcolor.sty
Package: xcolor 2024/09/29 v3.02 LaTeX color extensions (UK)

(/usr/local/texlive/2025/texmf-dist/tex/latex/graphics-cfg/color.cfg
File: color.cfg 2016/01/02 v1.6 sample color configuration
)
Package xcolor Info: Driver file: luatex.def on input line 274.

(/usr/local/texlive/2025/texmf-dist/tex/latex/graphics-def/luatex.def
File: luatex.def 2024/04/13 v1.2e Graphics/color driver for luatex
)
(/usr/local/texlive/2025/texmf-dist/tex/latex/graphics/mathcolor.ltx)
Package xcolor Info: Model `cmy' substituted by `cmy0' on input line 1349.
Package xcolor Info: Model `hsb' substituted by `rgb' on input line 1353.
Package xcolor Info: Model `RGB' extended on input line 1365.
Package xcolor Info: Model `HTML' substituted by `rgb' on input line 1367.
Package xcolor Info: Model `Hsb' substituted by `hsb' on input line 1368.
Package xcolor Info: Model `tHsb' substituted by `hsb' on input line 1369.
Package xcolor Info: Model `HSB' substituted by `hsb' on input line 1370.
Package xcolor Info: Model `Gray' substituted by `gray' on input line 1371.
Package xcolor Info: Model `wave' substituted by `hsb' on input line 1372.
)
(/usr/local/texlive/2025/texmf-dist/tex/latex/pdfmanagement-testphase/xcolor-pa
tches-tmp-ltx.sty
Package: xcolor-patches-tmp-ltx 2025-08-05 v0.96v patch xcolor for l3color
))
(/usr/local/texlive/2025/texmf-dist/tex/latex/hyperref/hyperref.sty
Package: hyperref 2025-07-12 v7.01o Hypertext links for LaTeX

(/usr/local/texlive/2025/texmf-dist/tex/generic/iftex/iftex.sty
Package: iftex 2024/12/12 v1.0g TeX engine tests
)
(/usr/local/texlive/2025/texmf-dist/tex/latex/graphics/keyval.sty
Package: keyval 2022/05/29 v1.15 key=value parser (DPC)
\KV@toks@=\toks17
)
(/usr/local/texlive/2025/texmf-dist/tex/latex/kvsetkeys/kvsetkeys.sty
Package: kvsetkeys 2022-10-05 v1.19 Key value parser (HO)
)
(/usr/local/texlive/2025/texmf-dist/tex/generic/kvdefinekeys/kvdefinekeys.sty
Package: kvdefinekeys 2019-12-19 v1.6 Define keys (HO)
)
(/usr/local/texlive/2025/texmf-dist/tex/generic/pdfescape/pdfescape.sty
Package: pdfescape 2019/12/09 v1.15 Implements pdfTeX's escape features (HO)

(/usr/local/texlive/2025/texmf-dist/tex/generic/ltxcmds/ltxcmds.sty
Package: ltxcmds 2023-12-04 v1.26 LaTeX kernel commands for general use (HO)
)
(/usr/local/texlive/2025/texmf-dist/tex/generic/pdftexcmds/pdftexcmds.sty
Package: pdftexcmds 2020-06-27 v0.33 Utility functions of pdfTeX for LuaTeX (HO
)

(/usr/local/texlive/2025/texmf-dist/tex/generic/infwarerr/infwarerr.sty
Package: infwarerr 2019/12/03 v1.5 Providing info/warning/error messages (HO)
)
Package pdftexcmds Info: \pdf@primitive is available.
Package pdftexcmds Info: \pdf@ifprimitive is available.
Package pdftexcmds Info: \pdfdraftmode found.
\pdftexcmds@toks=\toks18
))
(/usr/local/texlive/2025/texmf-dist/tex/latex/hycolor/hycolor.sty
Package: hycolor 2020-01-27 v1.10 Color options for hyperref/bookmark (HO)
)
(/usr/local/texlive/2025/texmf-dist/tex/latex/hyperref/nameref.sty
Package: nameref 2025-06-21 v2.57 Cross-referencing by name of section

(/usr/local/texlive/2025/texmf-dist/tex/latex/refcount/refcount.sty
Package: refcount 2019/12/15 v3.6 Data extraction from label references (HO)
)
(/usr/local/texlive/2025/texmf-dist/tex/generic/gettitlestring/gettitlestring.s
ty
Package: gettitlestring 2019/12/15 v1.6 Cleanup title references (HO)
 (/usr/local/texlive/2025/texmf-dist/tex/latex/kvoptions/kvoptions.sty
Package: kvoptions 2022-06-15 v3.15 Key value format for package options (HO)
))
\c@section@level=\count302
)
(/usr/local/texlive/2025/texmf-dist/tex/latex/etoolbox/etoolbox.sty
Package: etoolbox 2025/02/11 v2.5l e-TeX tools for LaTeX (JAW)
\etb@tempcnta=\count303
)
(/usr/local/texlive/2025/texmf-dist/tex/generic/stringenc/stringenc.sty
Package: stringenc 2019/11/29 v1.12 Convert strings between diff. encodings (HO
)
)
\@linkdim=\dimen149
\Hy@linkcounter=\count304
\Hy@pagecounter=\count305

(/usr/local/texlive/2025/texmf-dist/tex/latex/hyperref/pd1enc.def
File: pd1enc.def 2025-07-12 v7.01o Hyperref: PDFDocEncoding definition (HO)
)
(/usr/local/texlive/2025/texmf-dist/tex/generic/intcalc/intcalc.sty
Package: intcalc 2019/12/15 v1.3 Expandable calculations with integers (HO)
)
\Hy@SavedSpaceFactor=\count306

(/usr/local/texlive/2025/texmf-dist/tex/latex/hyperref/puenc.def
File: puenc.def 2025-07-12 v7.01o Hyperref: PDF Unicode definition (HO)
)
Package hyperref Info: Option `breaklinks' set `true' on input line 4066.
Package hyperref Info: Option `colorlinks' set `true' on input line 4066.
Package hyperref Info: Option `bookmarks' set `true' on input line 4066.
Package hyperref Info: Hyper figures OFF on input line 4195.
Package hyperref Info: Link nesting OFF on input line 4200.
Package hyperref Info: Hyper index ON on input line 4203.
Package hyperref Info: Plain pages OFF on input line 4210.
Package hyperref Info: Backreferencing OFF on input line 4215.
Package hyperref Info: Implicit mode ON; LaTeX internals redefined.
Package hyperref Info: Bookmarks ON on input line 4462.
\c@Hy@tempcnt=\count307

(/usr/local/texlive/2025/texmf-dist/tex/latex/url/url.sty
\Urlmuskip=\muskip17
Package: url 2013/09/16  ver 3.4  Verb mode for urls, etc.
)
LaTeX Info: Redefining \url on input line 4801.
\XeTeXLinkMargin=\dimen150

(/usr/local/texlive/2025/texmf-dist/tex/generic/bitset/bitset.sty
Package: bitset 2019/12/09 v1.3 Handle bit-vector datatype (HO)

(/usr/local/texlive/2025/texmf-dist/tex/generic/bigintcalc/bigintcalc.sty
Package: bigintcalc 2019/12/15 v1.5 Expandable calculations on big integers (HO
)
))
\Fld@menulength=\count308
\Field@Width=\dimen151
\Fld@charsize=\dimen152
Package hyperref Info: Hyper figures OFF on input line 6078.
Package hyperref Info: Link nesting OFF on input line 6083.
Package hyperref Info: Hyper index ON on input line 6086.
Package hyperref Info: backreferencing OFF on input line 6093.
Package hyperref Info: Link coloring ON on input line 6096.
Package hyperref Info: Link coloring with OCG OFF on input line 6103.
Package hyperref Info: PDF/A mode OFF on input line 6108.
\Hy@abspage=\count309
\c@Item=\count310
)
Package hyperref Info: Driver (custom): hgeneric-testphase.

(/usr/local/texlive/2025/texmf-dist/tex/latex/pdfmanagement-testphase/hgeneric-
testphase.def
File: hgeneric-testphase.def 2025-08-05 v0.96v generic Hyperref driver for the 
LaTeX PDF management bundle

(/usr/local/texlive/2025/texmf-dist/tex/latex/pdfmanagement-testphase/hyperref-
colorschemes.def)
LaTeX Info: Redefining \href on input line 274.
LaTeX Info: Redefining \url on input line 360.
\l__hyp_tmpa_box=\box57
\l__hyp_tmpa_int=\count311
\l__hyp_dest_box=\box58
\g__hyp_linknestlevel_int=\count312
\HyAnn@Count=\count313
\Fld@listcount=\count314
\Hy@SectionHShift=\skip51
) (/usr/local/texlive/texmf-local/tex/titlessectionstoc.tex
(/usr/local/texlive/2025/texmf-dist/tex/latex/geometry/geometry.sty
Package: geometry 2020/01/02 v5.9 Page Geometry

(/usr/local/texlive/2025/texmf-dist/tex/generic/iftex/ifvtex.sty
Package: ifvtex 2019/10/25 v1.7 ifvtex legacy package. Use iftex instead.
)
\Gm@cnth=\count315
\Gm@cntv=\count316
\c@Gm@tempcnt=\count317
\Gm@bindingoffset=\dimen153
\Gm@wd@mp=\dimen154
\Gm@odd@mp=\dimen155
\Gm@even@mp=\dimen156
\Gm@layoutwidth=\dimen157
\Gm@layoutheight=\dimen158
\Gm@layouthoffset=\dimen159
\Gm@layoutvoffset=\dimen160
\Gm@dimlist=\toks19
)
(/usr/local/texlive/2025/texmf-dist/tex/latex/titlecaps/titlecaps.sty
Package: titlecaps 2022/04/12\ 1.3\ Routines for setting rich-text input into T
itling Caps

(/usr/local/texlive/2025/texmf-dist/tex/latex/ifnextok/ifnextok.sty
Package: ifnextok 2011/06/27 v0.3 test next token (UL)
)
(/usr/local/texlive/2025/texmf-dist/tex/latex/base/ifthen.sty
Package: ifthen 2024/03/16 v1.1e Standard LaTeX ifthen package (DPC)
)
\c@lcword@index=\count318
\c@word@count=\count319
\c@lc@words=\count320
\c@dia@count=\count321
\c@arg@@@index=\count322
)
(/usr/local/texlive/2025/texmf-dist/tex/latex/titlesec/titlesec.sty
Package: titlesec 2025/01/04 v2.17 Sectioning titles
\ttl@box=\box59
\beforetitleunit=\skip52
\aftertitleunit=\skip53
\ttl@plus=\dimen161
\ttl@minus=\dimen162
\ttl@toksa=\toks20
\titlewidth=\dimen163
\titlewidthlast=\dimen164
\titlewidthfirst=\dimen165
))
(/usr/local/texlive/2025/texmf-dist/tex/latex/graphics/graphicx.sty
Package: graphicx 2024/12/31 v1.2e Enhanced LaTeX Graphics (DPC,SPQR)

(/usr/local/texlive/2025/texmf-dist/tex/latex/graphics/graphics.sty
Package: graphics 2024/08/06 v1.4g Standard LaTeX Graphics (DPC,SPQR)

(/usr/local/texlive/2025/texmf-dist/tex/latex/graphics/trig.sty
Package: trig 2023/12/02 v1.11 sin cos tan (DPC)
)
(/usr/local/texlive/2025/texmf-dist/tex/latex/graphics-cfg/graphics.cfg
File: graphics.cfg 2016/06/04 v1.11 sample graphics configuration
)
Package graphics Info: Driver file: luatex.def on input line 106.
)
\Gin@req@height=\dimen166
\Gin@req@width=\dimen167
)
(/usr/local/texlive/texmf-local/tex/listsettings.tex
(/usr/local/texlive/2025/texmf-dist/tex/latex/tools/multicol.sty
Package: multicol 2025/05/25 v2.0a multicolumn formatting (FMi)
\c@tracingmulticols=\count323
\mult@box=\box60
\multicol@leftmargin=\dimen168
\c@unbalance=\count324
\c@collectmore=\count325
\doublecol@number=\count326
\multicoltolerance=\count327
\multicolpretolerance=\count328
\full@width=\dimen169
\page@free=\dimen170
\premulticols=\dimen171
\postmulticols=\dimen172
\multicolsep=\skip54
\multicolbaselineskip=\skip55
\partial@page=\box61
\last@line=\box62
\mc@boxedresult=\box63
\maxbalancingoverflow=\dimen173
\mult@rightbox=\box64
\mult@grightbox=\box65
\mult@firstbox=\box66
\mult@gfirstbox=\box67
\@tempa=\box68
\@tempa=\box69
\@tempa=\box70
\@tempa=\box71
\@tempa=\box72
\@tempa=\box73
\@tempa=\box74
\@tempa=\box75
\@tempa=\box76
\@tempa=\box77
\@tempa=\box78
\@tempa=\box79
\@tempa=\box80
\@tempa=\box81
\@tempa=\box82
\@tempa=\box83
\@tempa=\box84
\@tempa=\box85
\@tempa=\box86
\@tempa=\box87
\@tempa=\box88
\@tempa=\box89
\@tempa=\box90
\@tempa=\box91
\@tempa=\box92
\@tempa=\box93
\@tempa=\box94
\@tempa=\box95
\@tempa=\box96
\@tempa=\box97
\@tempa=\box98
\@tempa=\box99
\@tempa=\box100
\@tempa=\box101
\@tempa=\box102
\@tempa=\box103
\c@minrows=\count329
\c@columnbadness=\count330
\c@finalcolumnbadness=\count331
\last@try=\dimen174
\multicolovershoot=\dimen175
\multicolundershoot=\dimen176
\mult@nat@firstbox=\box104
\colbreak@box=\box105
\mc@col@check@num=\count332
\g__mc_curr_col_int=\count333
)
\c@nlcounter=\count334
)
(/usr/local/texlive/texmf-local/tex/figuresettings.tex
(/usr/local/texlive/2025/texmf-dist/tex/latex/mdframed/mdframed.sty
Package: mdframed 2013/07/01 1.9b: mdframed

(/usr/local/texlive/2025/texmf-dist/tex/latex/l3packages/xparse/xparse.sty
(/usr/local/texlive/2025/texmf-dist/tex/latex/l3kernel/expl3.sty
Package: expl3 2025-08-13 L3 programming layer (loader) 
)
Package: xparse 2024-08-16 L3 Experimental document command parser
)
(/usr/local/texlive/2025/texmf-dist/tex/latex/zref/zref-abspage.sty
Package: zref-abspage 2025-06-08 v2.36 Module abspage for zref (HO)

(/usr/local/texlive/2025/texmf-dist/tex/latex/zref/zref-base.sty
Package: zref-base 2025-06-08 v2.36 Module base for zref (HO)

(/usr/local/texlive/2025/texmf-dist/tex/generic/etexcmds/etexcmds.sty
Package: etexcmds 2019/12/15 v1.7 Avoid name clashes with e-TeX commands (HO)
)
(/usr/local/texlive/2025/texmf-dist/tex/latex/auxhook/auxhook.sty
Package: auxhook 2019-12-17 v1.6 Hooks for auxiliary files (HO)
)
Package zref Info: New property list: main on input line 767.
Package zref Info: New property: default on input line 768.
Package zref Info: New property: page on input line 769.
)
\c@abspage=\count335
Package zref Info: New property: abspage on input line 67.
)
(/usr/local/texlive/2025/texmf-dist/tex/latex/needspace/needspace.sty
Package: needspace 2025/03/13 v1.3e reserve vertical space
)
\mdf@templength=\skip56
\c@mdf@globalstyle@cnt=\count336
\mdf@skipabove@length=\skip57
\mdf@skipbelow@length=\skip58
\mdf@leftmargin@length=\skip59
\mdf@rightmargin@length=\skip60
\mdf@innerleftmargin@length=\skip61
\mdf@innerrightmargin@length=\skip62
\mdf@innertopmargin@length=\skip63
\mdf@innerbottommargin@length=\skip64
\mdf@splittopskip@length=\skip65
\mdf@splitbottomskip@length=\skip66
\mdf@outermargin@length=\skip67
\mdf@innermargin@length=\skip68
\mdf@linewidth@length=\skip69
\mdf@innerlinewidth@length=\skip70
\mdf@middlelinewidth@length=\skip71
\mdf@outerlinewidth@length=\skip72
\mdf@roundcorner@length=\skip73
\mdf@footenotedistance@length=\skip74
\mdf@userdefinedwidth@length=\skip75
\mdf@needspace@length=\skip76
\mdf@frametitleaboveskip@length=\skip77
\mdf@frametitlebelowskip@length=\skip78
\mdf@frametitlerulewidth@length=\skip79
\mdf@frametitleleftmargin@length=\skip80
\mdf@frametitlerightmargin@length=\skip81
\mdf@shadowsize@length=\skip82
\mdf@extratopheight@length=\skip83
\mdf@subtitleabovelinewidth@length=\skip84
\mdf@subtitlebelowlinewidth@length=\skip85
\mdf@subtitleaboveskip@length=\skip86
\mdf@subtitlebelowskip@length=\skip87
\mdf@subtitleinneraboveskip@length=\skip88
\mdf@subtitleinnerbelowskip@length=\skip89
\mdf@subsubtitleabovelinewidth@length=\skip90
\mdf@subsubtitlebelowlinewidth@length=\skip91
\mdf@subsubtitleaboveskip@length=\skip92
\mdf@subsubtitlebelowskip@length=\skip93
\mdf@subsubtitleinneraboveskip@length=\skip94
\mdf@subsubtitleinnerbelowskip@length=\skip95

(/usr/local/texlive/2025/texmf-dist/tex/latex/mdframed/md-frame-0.mdf
File: md-frame-0.mdf 2013/07/01\ 1.9b: md-frame-0
)
\mdf@frametitlebox=\box106
\mdf@footnotebox=\box107
\mdf@splitbox@one=\box108
\mdf@splitbox@two=\box109
\mdf@splitbox@save=\box110
\mdfsplitboxwidth=\skip96
\mdfsplitboxtotalwidth=\skip97
\mdfsplitboxheight=\skip98
\mdfsplitboxdepth=\skip99
\mdfsplitboxtotalheight=\skip100
\mdfframetitleboxwidth=\skip101
\mdfframetitleboxtotalwidth=\skip102
\mdfframetitleboxheight=\skip103
\mdfframetitleboxdepth=\skip104
\mdfframetitleboxtotalheight=\skip105
\mdffootnoteboxwidth=\skip106
\mdffootnoteboxtotalwidth=\skip107
\mdffootnoteboxheight=\skip108
\mdffootnoteboxdepth=\skip109
\mdffootnoteboxtotalheight=\skip110
\mdftotallinewidth=\skip111
\mdfboundingboxwidth=\skip112
\mdfboundingboxtotalwidth=\skip113
\mdfboundingboxheight=\skip114
\mdfboundingboxdepth=\skip115
\mdfboundingboxtotalheight=\skip116
\mdf@freevspace@length=\skip117
\mdf@horizontalwidthofbox@length=\skip118
\mdf@verticalmarginwhole@length=\skip119
\mdf@horizontalspaceofbox=\skip120
\mdfsubtitleheight=\skip121
\mdfsubsubtitleheight=\skip122
\c@mdfcountframes=\count337

****** mdframed patching \endmdf@trivlist

****** -- success******

\mdf@envdepth=\count338
\c@mdf@env@i=\count339
\c@mdf@env@ii=\count340
\c@mdf@zref@counter=\count341
Package zref Info: New property: mdf@pagevalue on input line 895.
)
\c@ncounter=\count342
)
(/usr/local/texlive/texmf-local/tex/listingssettings.tex
(/usr/local/texlive/2025/texmf-dist/tex/latex/listings/listings.sty
\lst@mode=\count343
\lst@gtempboxa=\box111
\lst@token=\toks21
\lst@length=\count344
\lst@currlwidth=\dimen177
\lst@column=\count345
\lst@pos=\count346
\lst@lostspace=\dimen178
\lst@width=\dimen179
\lst@newlines=\count347
\lst@lineno=\count348
\lst@maxwidth=\dimen180

(/usr/local/texlive/2025/texmf-dist/tex/latex/listings/lstpatch.sty
File: lstpatch.sty 2024/09/23 1.10c (Carsten Heinz)
)
(/usr/local/texlive/2025/texmf-dist/tex/latex/listings/lstmisc.sty
File: lstmisc.sty 2024/09/23 1.10c (Carsten Heinz)
\c@lstnumber=\count349
\lst@skipnumbers=\count350
\lst@framebox=\box112
)
(/usr/local/texlive/2025/texmf-dist/tex/latex/listings/listings.cfg
File: listings.cfg 2024/09/23 1.10c listings configuration
))
Package: listings 2024/09/23 1.10c (Carsten Heinz)

(/usr/local/texlive/texmf-local/tex/listings-lstlang4.tex)
(/usr/local/texlive/2025/texmf-dist/tex/latex/base/textcomp.sty
Package: textcomp 2024/04/24 v2.1b Standard LaTeX package
)
(/usr/local/texlive/2025/texmf-dist/tex/latex/upquote/upquote.sty
Package: upquote 2012/04/19 v1.3 upright-quote and grave-accent glyphs in verba
tim
)
(/usr/local/texlive/2025/texmf-dist/tex/latex/listings/lstlang1.sty
File: lstlang1.sty 2024/09/23 1.10c listings language file
))
(/usr/local/texlive/texmf-local/tex/tikzsettings.tex
(/usr/local/texlive/2025/texmf-dist/tex/latex/pgf-umlcd/pgf-umlcd.sty
Package: pgf-umlcd 2022/05/22 v0.3 Some LaTeX macros for UML Class Diagrams.

(/usr/local/texlive/2025/texmf-dist/tex/latex/pgf/frontendlayer/tikz.sty
(/usr/local/texlive/2025/texmf-dist/tex/latex/pgf/basiclayer/pgf.sty
(/usr/local/texlive/2025/texmf-dist/tex/latex/pgf/utilities/pgfrcs.sty
(/usr/local/texlive/2025/texmf-dist/tex/generic/pgf/utilities/pgfutil-common.te
x
\pgfutil@everybye=\toks22
\pgfutil@tempdima=\dimen181
\pgfutil@tempdimb=\dimen182
)
(/usr/local/texlive/2025/texmf-dist/tex/generic/pgf/utilities/pgfutil-latex.def
\pgfutil@abb=\box113
) (/usr/local/texlive/2025/texmf-dist/tex/generic/pgf/utilities/pgfrcs.code.tex
(/usr/local/texlive/2025/texmf-dist/tex/generic/pgf/pgf.revision.tex)
Package: pgfrcs 2025-08-29 v3.1.11a (3.1.11a)
))
Package: pgf 2025-08-29 v3.1.11a (3.1.11a)

(/usr/local/texlive/2025/texmf-dist/tex/latex/pgf/basiclayer/pgfcore.sty
(/usr/local/texlive/2025/texmf-dist/tex/latex/pgf/systemlayer/pgfsys.sty
(/usr/local/texlive/2025/texmf-dist/tex/generic/pgf/systemlayer/pgfsys.code.tex
Package: pgfsys 2025-08-29 v3.1.11a (3.1.11a)
(/usr/local/texlive/2025/texmf-dist/tex/generic/pgf/utilities/pgfkeys.code.tex
\pgfkeys@pathtoks=\toks23
\pgfkeys@temptoks=\toks24

(/usr/local/texlive/2025/texmf-dist/tex/generic/pgf/utilities/pgfkeyslibraryfil
tered.code.tex
\pgfkeys@tmptoks=\toks25
))
\pgf@x=\dimen183
\pgf@y=\dimen184
\pgf@xa=\dimen185
\pgf@ya=\dimen186
\pgf@xb=\dimen187
\pgf@yb=\dimen188
\pgf@xc=\dimen189
\pgf@yc=\dimen190
\pgf@xd=\dimen191
\pgf@yd=\dimen192
\w@pgf@writea=\write3
\r@pgf@reada=\read2
\c@pgf@counta=\count351
\c@pgf@countb=\count352
\c@pgf@countc=\count353
\c@pgf@countd=\count354
\t@pgf@toka=\toks26
\t@pgf@tokb=\toks27
\t@pgf@tokc=\toks28
\pgf@sys@id@count=\count355

(/usr/local/texlive/2025/texmf-dist/tex/generic/pgf/systemlayer/pgf.cfg
File: pgf.cfg 2025-08-29 v3.1.11a (3.1.11a)
)
Driver file for pgf: pgfsys-luatex.def

(/usr/local/texlive/2025/texmf-dist/tex/generic/pgf/systemlayer/pgfsys-luatex.d
ef
File: pgfsys-luatex.def 2025-08-29 v3.1.11a (3.1.11a)

(/usr/local/texlive/2025/texmf-dist/tex/generic/pgf/systemlayer/pgfsys-common-p
df.def
File: pgfsys-common-pdf.def 2025-08-29 v3.1.11a (3.1.11a)
)))
(/usr/local/texlive/2025/texmf-dist/tex/generic/pgf/systemlayer/pgfsyssoftpath.
code.tex
File: pgfsyssoftpath.code.tex 2025-08-29 v3.1.11a (3.1.11a)
\pgfsyssoftpath@smallbuffer@items=\count356
\pgfsyssoftpath@bigbuffer@items=\count357
)
(/usr/local/texlive/2025/texmf-dist/tex/generic/pgf/systemlayer/pgfsysprotocol.
code.tex
File: pgfsysprotocol.code.tex 2025-08-29 v3.1.11a (3.1.11a)
))
(/usr/local/texlive/2025/texmf-dist/tex/generic/pgf/basiclayer/pgfcore.code.tex
Package: pgfcore 2025-08-29 v3.1.11a (3.1.11a)
(/usr/local/texlive/2025/texmf-dist/tex/generic/pgf/math/pgfmath.code.tex
(/usr/local/texlive/2025/texmf-dist/tex/generic/pgf/math/pgfmathutil.code.tex)
(/usr/local/texlive/2025/texmf-dist/tex/generic/pgf/math/pgfmathparser.code.tex
\pgfmath@dimen=\dimen193
\pgfmath@count=\count358
\pgfmath@box=\box114
\pgfmath@toks=\toks29
\pgfmath@stack@operand=\toks30
\pgfmath@stack@operation=\toks31
)
(/usr/local/texlive/2025/texmf-dist/tex/generic/pgf/math/pgfmathfunctions.code.
tex)
(/usr/local/texlive/2025/texmf-dist/tex/generic/pgf/math/pgfmathfunctions.basic
.code.tex)
(/usr/local/texlive/2025/texmf-dist/tex/generic/pgf/math/pgfmathfunctions.trigo
nometric.code.tex)
(/usr/local/texlive/2025/texmf-dist/tex/generic/pgf/math/pgfmathfunctions.rando
m.code.tex)
(/usr/local/texlive/2025/texmf-dist/tex/generic/pgf/math/pgfmathfunctions.compa
rison.code.tex)
(/usr/local/texlive/2025/texmf-dist/tex/generic/pgf/math/pgfmathfunctions.base.
code.tex)
(/usr/local/texlive/2025/texmf-dist/tex/generic/pgf/math/pgfmathfunctions.round
.code.tex)
(/usr/local/texlive/2025/texmf-dist/tex/generic/pgf/math/pgfmathfunctions.misc.
code.tex)
(/usr/local/texlive/2025/texmf-dist/tex/generic/pgf/math/pgfmathfunctions.integ
erarithmetics.code.tex)
(/usr/local/texlive/2025/texmf-dist/tex/generic/pgf/math/pgfmathcalc.code.tex)
(/usr/local/texlive/2025/texmf-dist/tex/generic/pgf/math/pgfmathfloat.code.tex
\c@pgfmathroundto@lastzeros=\count359
)) (/usr/local/texlive/2025/texmf-dist/tex/generic/pgf/math/pgfint.code.tex)
(/usr/local/texlive/2025/texmf-dist/tex/generic/pgf/basiclayer/pgfcorepoints.co
de.tex
File: pgfcorepoints.code.tex 2025-08-29 v3.1.11a (3.1.11a)
\pgf@picminx=\dimen194
\pgf@picmaxx=\dimen195
\pgf@picminy=\dimen196
\pgf@picmaxy=\dimen197
\pgf@pathminx=\dimen198
\pgf@pathmaxx=\dimen199
\pgf@pathminy=\dimen256
\pgf@pathmaxy=\dimen257
\pgf@xx=\dimen258
\pgf@xy=\dimen259
\pgf@yx=\dimen260
\pgf@yy=\dimen261
\pgf@zx=\dimen262
\pgf@zy=\dimen263
)
(/usr/local/texlive/2025/texmf-dist/tex/generic/pgf/basiclayer/pgfcorepathconst
ruct.code.tex
File: pgfcorepathconstruct.code.tex 2025-08-29 v3.1.11a (3.1.11a)
\pgf@path@lastx=\dimen264
\pgf@path@lasty=\dimen265
)
(/usr/local/texlive/2025/texmf-dist/tex/generic/pgf/basiclayer/pgfcorepathusage
.code.tex
File: pgfcorepathusage.code.tex 2025-08-29 v3.1.11a (3.1.11a)
\pgf@shorten@end@additional=\dimen266
\pgf@shorten@start@additional=\dimen267
)
(/usr/local/texlive/2025/texmf-dist/tex/generic/pgf/basiclayer/pgfcorescopes.co
de.tex
File: pgfcorescopes.code.tex 2025-08-29 v3.1.11a (3.1.11a)
\pgfpic=\box115
\pgf@hbox=\box116
\pgf@layerbox@main=\box117
\pgf@picture@serial@count=\count360
)
(/usr/local/texlive/2025/texmf-dist/tex/generic/pgf/basiclayer/pgfcoregraphicst
ate.code.tex
File: pgfcoregraphicstate.code.tex 2025-08-29 v3.1.11a (3.1.11a)
\pgflinewidth=\dimen268
)
(/usr/local/texlive/2025/texmf-dist/tex/generic/pgf/basiclayer/pgfcoretransform
ations.code.tex
File: pgfcoretransformations.code.tex 2025-08-29 v3.1.11a (3.1.11a)
\pgf@pt@x=\dimen269
\pgf@pt@y=\dimen270
\pgf@pt@temp=\dimen271
)
(/usr/local/texlive/2025/texmf-dist/tex/generic/pgf/basiclayer/pgfcorequick.cod
e.tex
File: pgfcorequick.code.tex 2025-08-29 v3.1.11a (3.1.11a)
)
(/usr/local/texlive/2025/texmf-dist/tex/generic/pgf/basiclayer/pgfcoreobjects.c
ode.tex
File: pgfcoreobjects.code.tex 2025-08-29 v3.1.11a (3.1.11a)
)
(/usr/local/texlive/2025/texmf-dist/tex/generic/pgf/basiclayer/pgfcorepathproce
ssing.code.tex
File: pgfcorepathprocessing.code.tex 2025-08-29 v3.1.11a (3.1.11a)
)
(/usr/local/texlive/2025/texmf-dist/tex/generic/pgf/basiclayer/pgfcorearrows.co
de.tex
File: pgfcorearrows.code.tex 2025-08-29 v3.1.11a (3.1.11a)
\pgfarrowsep=\dimen272
)
(/usr/local/texlive/2025/texmf-dist/tex/generic/pgf/basiclayer/pgfcoreshade.cod
e.tex
File: pgfcoreshade.code.tex 2025-08-29 v3.1.11a (3.1.11a)
\pgf@max=\dimen273
\pgf@sys@shading@range@num=\count361
\pgf@shadingcount=\count362
)
(/usr/local/texlive/2025/texmf-dist/tex/generic/pgf/basiclayer/pgfcoreimage.cod
e.tex
File: pgfcoreimage.code.tex 2025-08-29 v3.1.11a (3.1.11a)
)
(/usr/local/texlive/2025/texmf-dist/tex/generic/pgf/basiclayer/pgfcoreexternal.
code.tex
File: pgfcoreexternal.code.tex 2025-08-29 v3.1.11a (3.1.11a)
\pgfexternal@startupbox=\box118
)
(/usr/local/texlive/2025/texmf-dist/tex/generic/pgf/basiclayer/pgfcorelayers.co
de.tex
File: pgfcorelayers.code.tex 2025-08-29 v3.1.11a (3.1.11a)
)
(/usr/local/texlive/2025/texmf-dist/tex/generic/pgf/basiclayer/pgfcoretranspare
ncy.code.tex
File: pgfcoretransparency.code.tex 2025-08-29 v3.1.11a (3.1.11a)
)
(/usr/local/texlive/2025/texmf-dist/tex/generic/pgf/basiclayer/pgfcorepatterns.
code.tex
File: pgfcorepatterns.code.tex 2025-08-29 v3.1.11a (3.1.11a)
)
(/usr/local/texlive/2025/texmf-dist/tex/generic/pgf/basiclayer/pgfcorerdf.code.
tex
File: pgfcorerdf.code.tex 2025-08-29 v3.1.11a (3.1.11a)
)))
(/usr/local/texlive/2025/texmf-dist/tex/generic/pgf/modules/pgfmoduleshapes.cod
e.tex
File: pgfmoduleshapes.code.tex 2025-08-29 v3.1.11a (3.1.11a)
\pgfnodeparttextbox=\box119
)
(/usr/local/texlive/2025/texmf-dist/tex/generic/pgf/modules/pgfmoduleplot.code.
tex
File: pgfmoduleplot.code.tex 2025-08-29 v3.1.11a (3.1.11a)
)
(/usr/local/texlive/2025/texmf-dist/tex/latex/pgf/compatibility/pgfcomp-version
-0-65.sty
Package: pgfcomp-version-0-65 2025-08-29 v3.1.11a (3.1.11a)
\pgf@nodesepstart=\dimen274
\pgf@nodesepend=\dimen275
)
(/usr/local/texlive/2025/texmf-dist/tex/latex/pgf/compatibility/pgfcomp-version
-1-18.sty
Package: pgfcomp-version-1-18 2025-08-29 v3.1.11a (3.1.11a)
))
(/usr/local/texlive/2025/texmf-dist/tex/latex/pgf/utilities/pgffor.sty
(/usr/local/texlive/2025/texmf-dist/tex/latex/pgf/utilities/pgfkeys.sty
(/usr/local/texlive/2025/texmf-dist/tex/generic/pgf/utilities/pgfkeys.code.tex))
 (/usr/local/texlive/2025/texmf-dist/tex/latex/pgf/math/pgfmath.sty
(/usr/local/texlive/2025/texmf-dist/tex/generic/pgf/math/pgfmath.code.tex))
(/usr/local/texlive/2025/texmf-dist/tex/generic/pgf/utilities/pgffor.code.tex
Package: pgffor 2025-08-29 v3.1.11a (3.1.11a)
\pgffor@iter=\dimen276
\pgffor@skip=\dimen277
\pgffor@stack=\toks32
\pgffor@toks=\toks33
))
(/usr/local/texlive/2025/texmf-dist/tex/generic/pgf/frontendlayer/tikz/tikz.cod
e.tex
Package: tikz 2025-08-29 v3.1.11a (3.1.11a)

(/usr/local/texlive/2025/texmf-dist/tex/generic/pgf/libraries/pgflibraryplothan
dlers.code.tex
File: pgflibraryplothandlers.code.tex 2025-08-29 v3.1.11a (3.1.11a)
\pgf@plot@mark@count=\count363
\pgfplotmarksize=\dimen278
)
\tikz@lastx=\dimen279
\tikz@lasty=\dimen280
\tikz@lastxsaved=\dimen281
\tikz@lastysaved=\dimen282
\tikz@lastmovetox=\dimen283
\tikz@lastmovetoy=\dimen284
\tikzleveldistance=\dimen285
\tikzsiblingdistance=\dimen286
\tikz@figbox=\box120
\tikz@figbox@bg=\box121
\tikz@tempbox=\box122
\tikz@tempbox@bg=\box123
\tikztreelevel=\count364
\tikznumberofchildren=\count365
\tikznumberofcurrentchild=\count366
\tikz@fig@count=\count367

(/usr/local/texlive/2025/texmf-dist/tex/generic/pgf/modules/pgfmodulematrix.cod
e.tex
File: pgfmodulematrix.code.tex 2025-08-29 v3.1.11a (3.1.11a)
\pgfmatrixcurrentrow=\count368
\pgfmatrixcurrentcolumn=\count369
\pgf@matrix@numberofcolumns=\count370
)
\tikz@expandcount=\count371

(/usr/local/texlive/2025/texmf-dist/tex/generic/pgf/frontendlayer/tikz/librarie
s/tikzlibrarytopaths.code.tex
File: tikzlibrarytopaths.code.tex 2025-08-29 v3.1.11a (3.1.11a)
)))
(/usr/local/texlive/2025/texmf-dist/tex/latex/pgf-umlcd/tikzlibraryumlcd.code.t
ex
(/usr/local/texlive/2025/texmf-dist/tex/generic/pgf/frontendlayer/tikz/librarie
s/tikzlibraryarrows.code.tex
File: tikzlibraryarrows.code.tex 2025-08-29 v3.1.11a (3.1.11a)

(/usr/local/texlive/2025/texmf-dist/tex/generic/pgf/libraries/pgflibraryarrows.
code.tex
File: pgflibraryarrows.code.tex 2025-08-29 v3.1.11a (3.1.11a)
\arrowsize=\dimen287
))
(/usr/local/texlive/2025/texmf-dist/tex/generic/pgf/frontendlayer/tikz/librarie
s/tikzlibraryshapes.multipart.code.tex
File: tikzlibraryshapes.multipart.code.tex 2025-08-29 v3.1.11a (3.1.11a)

(/usr/local/texlive/2025/texmf-dist/tex/generic/pgf/libraries/shapes/pgflibrary
shapes.multipart.code.tex
File: pgflibraryshapes.multipart.code.tex 2025-08-29 v3.1.11a (3.1.11a)
\pgfnodepartlowerbox=\box124
\pgfnodeparttwobox=\box125
\pgfnodepartthreebox=\box126
\pgfnodepartfourbox=\box127
\pgfnodeparttwentybox=\box128
\pgfnodepartnineteenbox=\box129
\pgfnodeparteighteenbox=\box130
\pgfnodepartseventeenbox=\box131
\pgfnodepartsixteenbox=\box132
\pgfnodepartfifteenbox=\box133
\pgfnodepartfourteenbox=\box134
\pgfnodepartthirteenbox=\box135
\pgfnodeparttwelvebox=\box136
\pgfnodepartelevenbox=\box137
\pgfnodeparttenbox=\box138
\pgfnodepartninebox=\box139
\pgfnodeparteightbox=\box140
\pgfnodepartsevenbox=\box141
\pgfnodepartsixbox=\box142
\pgfnodepartfivebox=\box143
))
(/usr/local/texlive/2025/texmf-dist/tex/generic/pgf/frontendlayer/tikz/librarie
s/tikzlibrarybackgrounds.code.tex
File: tikzlibrarybackgrounds.code.tex 2025-08-29 v3.1.11a (3.1.11a)
\pgf@layerbox@background=\box144
\pgf@layerboxsaved@background=\box145
)
(/usr/local/texlive/2025/texmf-dist/tex/generic/pgf/frontendlayer/tikz/librarie
s/tikzlibraryfit.code.tex
File: tikzlibraryfit.code.tex 2025-08-29 v3.1.11a (3.1.11a)
)
\pgf@layerbox@connectionlayers=\box146
\pgf@layerboxsaved@connectionlayers=\box147
\pgfumlcd@ClassAttributesNum=\count372
\pgfumlcd@ClassOperationsNum=\count373
\pgfumlcd@ClassAbstractClassNum=\count374
\pgfumlcd@ClassInterfaceNum=\count375
\pgfumlcd@ClassSplitPartNum=\count376
))
(/usr/local/texlive/2025/texmf-dist/tex/generic/pgf/frontendlayer/tikz/librarie
s/tikzlibraryautomata.code.tex
File: tikzlibraryautomata.code.tex 2025-08-29 v3.1.11a (3.1.11a)
)
(/usr/local/texlive/2025/texmf-dist/tex/generic/pgf/frontendlayer/tikz/librarie
s/tikzlibrarydecorations.text.code.tex
(/usr/local/texlive/2025/texmf-dist/tex/generic/pgf/frontendlayer/tikz/librarie
s/tikzlibrarydecorations.code.tex
(/usr/local/texlive/2025/texmf-dist/tex/generic/pgf/modules/pgfmoduledecoration
s.code.tex
\pgfdecoratedcompleteddistance=\dimen288
\pgfdecoratedremainingdistance=\dimen289
\pgfdecoratedinputsegmentcompleteddistance=\dimen290
\pgfdecoratedinputsegmentremainingdistance=\dimen291
\pgf@decorate@distancetomove=\dimen292
\pgf@decorate@repeatstate=\count377
\pgfdecorationsegmentamplitude=\dimen293
\pgfdecorationsegmentlength=\dimen294
)
\tikz@lib@dec@box=\box148
)
(/usr/local/texlive/2025/texmf-dist/tex/generic/pgf/libraries/decorations/pgfli
brarydecorations.text.code.tex
\pgf@lib@dec@text@box=\box149
)
\tikz@lib@dec@te@box=\box150
)
(/usr/local/texlive/2025/texmf-dist/tex/generic/pgf/frontendlayer/tikz/librarie
s/tikzlibrarydecorations.markings.code.tex
(/usr/local/texlive/2025/texmf-dist/tex/generic/pgf/libraries/decorations/pgfli
brarydecorations.markings.code.tex))
(/usr/local/texlive/2025/texmf-dist/tex/generic/pgf/frontendlayer/tikz/librarie
s/graphs/tikzlibrarygraphs.code.tex
File: tikzlibrarygraphs.code.tex 2025-08-29 v3.1.11a (3.1.11a)
\tikz@lib@auto@number=\count378
\tikz@qnode@count=\count379
)
(/usr/local/texlive/2025/texmf-dist/tex/generic/pgf/frontendlayer/tikz/librarie
s/tikzlibraryshapes.geometric.code.tex
File: tikzlibraryshapes.geometric.code.tex 2025-08-29 v3.1.11a (3.1.11a)

(/usr/local/texlive/2025/texmf-dist/tex/generic/pgf/libraries/shapes/pgflibrary
shapes.geometric.code.tex
File: pgflibraryshapes.geometric.code.tex 2025-08-29 v3.1.11a (3.1.11a)
))
\pgf@layerbox@edgelayer=\box151
\pgf@layerboxsaved@edgelayer=\box152
\pgf@layerbox@nodelayer=\box153
\pgf@layerboxsaved@nodelayer=\box154
 (/usr/local/texlive/texmf-local/tex/weiwBTree.sty
Package: weiwBTree 

Document Style `weiw_BTree - Support drawing B+-Tree (ver 0.999)

(/usr/local/texlive/2025/texmf-dist/tex/generic/pgf/frontendlayer/tikz/librarie
s/tikzlibraryshapes.code.tex
File: tikzlibraryshapes.code.tex 2025-08-29 v3.1.11a (3.1.11a)

(/usr/local/texlive/2025/texmf-dist/tex/generic/pgf/frontendlayer/tikz/librarie
s/tikzlibraryshapes.misc.code.tex
File: tikzlibraryshapes.misc.code.tex 2025-08-29 v3.1.11a (3.1.11a)

(/usr/local/texlive/2025/texmf-dist/tex/generic/pgf/libraries/shapes/pgflibrary
shapes.misc.code.tex
File: pgflibraryshapes.misc.code.tex 2025-08-29 v3.1.11a (3.1.11a)
))
(/usr/local/texlive/2025/texmf-dist/tex/generic/pgf/frontendlayer/tikz/librarie
s/tikzlibraryshapes.symbols.code.tex
File: tikzlibraryshapes.symbols.code.tex 2025-08-29 v3.1.11a (3.1.11a)

(/usr/local/texlive/2025/texmf-dist/tex/generic/pgf/libraries/shapes/pgflibrary
shapes.symbols.code.tex
File: pgflibraryshapes.symbols.code.tex 2025-08-29 v3.1.11a (3.1.11a)
))
(/usr/local/texlive/2025/texmf-dist/tex/generic/pgf/frontendlayer/tikz/librarie
s/tikzlibraryshapes.arrows.code.tex
File: tikzlibraryshapes.arrows.code.tex 2025-08-29 v3.1.11a (3.1.11a)

(/usr/local/texlive/2025/texmf-dist/tex/generic/pgf/libraries/shapes/pgflibrary
shapes.arrows.code.tex
File: pgflibraryshapes.arrows.code.tex 2025-08-29 v3.1.11a (3.1.11a)
))
(/usr/local/texlive/2025/texmf-dist/tex/generic/pgf/frontendlayer/tikz/librarie
s/tikzlibraryshapes.callouts.code.tex
(/usr/local/texlive/2025/texmf-dist/tex/generic/pgf/libraries/shapes/pgflibrary
shapes.callouts.code.tex)))
(/usr/local/texlive/2025/texmf-dist/tex/generic/pgf/frontendlayer/tikz/librarie
s/tikzlibrarysnakes.code.tex
File: tikzlibrarysnakes.code.tex 2025-08-29 v3.1.11a (3.1.11a)


Package pgf Warning: Snakes have been superseded by decorations. Please use the
 decoration libraries instead of the snakes library on input line 14.


(/usr/local/texlive/2025/texmf-dist/tex/generic/pgf/frontendlayer/tikz/librarie
s/tikzlibrarydecorations.pathmorphing.code.tex
(/usr/local/texlive/2025/texmf-dist/tex/generic/pgf/libraries/decorations/pgfli
brarydecorations.pathmorphing.code.tex))
(/usr/local/texlive/2025/texmf-dist/tex/generic/pgf/frontendlayer/tikz/librarie
s/tikzlibrarydecorations.pathreplacing.code.tex
(/usr/local/texlive/2025/texmf-dist/tex/generic/pgf/libraries/decorations/pgfli
brarydecorations.pathreplacing.code.tex))
(/usr/local/texlive/2025/texmf-dist/tex/generic/pgf/frontendlayer/tikz/librarie
s/tikzlibrarydecorations.shapes.code.tex
(/usr/local/texlive/2025/texmf-dist/tex/generic/pgf/libraries/decorations/pgfli
brarydecorations.shapes.code.tex)))
(/usr/local/texlive/2025/texmf-dist/tex/generic/pgf/frontendlayer/tikz/librarie
s/tikzlibrarymatrix.code.tex
File: tikzlibrarymatrix.code.tex 2025-08-29 v3.1.11a (3.1.11a)
)))
(/usr/local/texlive/2025/texmf-dist/tex/latex/booktabs/booktabs.sty
Package: booktabs 2020/01/12 v1.61803398 Publication quality tables
\heavyrulewidth=\dimen295
\lightrulewidth=\dimen296
\cmidrulewidth=\dimen297
\belowrulesep=\dimen298
\belowbottomsep=\dimen299
\aboverulesep=\dimen300
\abovetopsep=\dimen301
\cmidrulesep=\dimen302
\cmidrulekern=\dimen303
\defaultaddspace=\dimen304
\@cmidla=\count380
\@cmidlb=\count381
\@aboverulesep=\dimen305
\@belowrulesep=\dimen306
\@thisruleclass=\count382
\@lastruleclass=\count383
\@thisrulewidth=\dimen307
)
(/usr/local/texlive/2025/texmf-dist/tex/latex/tools/longtable.sty
Package: longtable 2024-12-18 v4.23 Multi-page Table package (DPC)
\LTleft=\skip123
\LTright=\skip124
\LTpre=\skip125
\LTpost=\skip126
\LTchunksize=\count384
\LTcapwidth=\dimen308
\LT@head=\box155
\LT@firsthead=\box156
\LT@foot=\box157
\LT@lastfoot=\box158
\LT@gbox=\box159
\LT@cols=\count385
\LT@rows=\count386
\c@LT@tables=\count387
\c@LT@chunks=\count388
\LT@p@ftn=\toks34
)
(/usr/local/texlive/2025/texmf-dist/tex/latex/tools/array.sty
Package: array 2025/06/08 v2.6j Tabular extension package (FMi)
\col@sep=\dimen309
\ar@mcellbox=\box160
\extrarowheight=\dimen310
\NC@list=\toks35
\extratabsurround=\skip127
\backup@length=\skip128
\ar@cellbox=\box161
)
(/usr/local/texlive/2025/texmf-dist/tex/latex/colortbl/colortbl.sty
Package: colortbl 2024/10/29 v1.0k Color table columns (DPC)
\everycr=\toks36
\minrowclearance=\skip129
\rownum=\count389
)
(/usr/local/texlive/texmf-local/tex/fontsettings-minionpro.tex
(/usr/local/texlive/2025/texmf-dist/tex/latex/amsmath/amsmath.sty
Package: amsmath 2025/06/16 v2.17y AMS math features
\@mathmargin=\skip130

For additional information on amsmath, use the `?' option.
(/usr/local/texlive/2025/texmf-dist/tex/latex/amsmath/amstext.sty
Package: amstext 2024/11/17 v2.01 AMS text

(/usr/local/texlive/2025/texmf-dist/tex/latex/amsmath/amsgen.sty
File: amsgen.sty 1999/11/30 v2.0 generic functions
\@emptytoks=\toks37
\ex@=\dimen311
))
(/usr/local/texlive/2025/texmf-dist/tex/latex/amsmath/amsbsy.sty
Package: amsbsy 1999/11/29 v1.2d Bold Symbols
\pmbraise@=\dimen312
)
(/usr/local/texlive/2025/texmf-dist/tex/latex/amsmath/amsopn.sty
Package: amsopn 2022/04/08 v2.04 operator names
)
\inf@bad=\count390
LaTeX Info: Redefining \frac on input line 235.
\uproot@=\count391
\leftroot@=\count392
LaTeX Info: Redefining \overline on input line 398.
LaTeX Info: Redefining \colon on input line 409.
\classnum@=\count393
\DOTSCASE@=\count394
LaTeX Info: Redefining \ldots on input line 495.
LaTeX Info: Redefining \dots on input line 498.
LaTeX Info: Redefining \cdots on input line 619.
\Mathstrutbox@=\box162
\strutbox@=\box163
LaTeX Info: Redefining \big on input line 721.
LaTeX Info: Redefining \Big on input line 722.
LaTeX Info: Redefining \bigg on input line 723.
LaTeX Info: Redefining \Bigg on input line 724.
\big@size=\dimen313
LaTeX Font Info:    Redeclaring font encoding OML on input line 742.
LaTeX Font Info:    Redeclaring font encoding OMS on input line 743.
\macc@depth=\count395
LaTeX Info: Redefining \bmod on input line 904.
LaTeX Info: Redefining \pmod on input line 909.
LaTeX Info: Redefining \smash on input line 939.
LaTeX Info: Redefining \relbar on input line 969.
LaTeX Info: Redefining \Relbar on input line 970.
\c@MaxMatrixCols=\count396
\dotsspace@=\muskip18
\c@parentequation=\count397
\dspbrk@lvl=\count398
\tag@help=\toks38
\row@=\count399
\column@=\count400
\maxfields@=\count401
\andhelp@=\toks39
\eqnshift@=\dimen314
\alignsep@=\dimen315
\tagshift@=\dimen316
\tagwidth@=\dimen317
\totwidth@=\dimen318
\lineht@=\dimen319
\@envbody=\toks40
\multlinegap=\skip131
\multlinetaggap=\skip132
\mathdisplay@stack=\toks41
LaTeX Info: Redefining \[ on input line 2949.
LaTeX Info: Redefining \] on input line 2950.
)
(/usr/local/texlive/2025/texmf-dist/tex/latex/amsfonts/amssymb.sty
Package: amssymb 2013/01/14 v3.01 AMS font symbols

(/usr/local/texlive/2025/texmf-dist/tex/latex/amsfonts/amsfonts.sty
Package: amsfonts 2013/01/14 v3.01 Basic AMSFonts support
\symAMSa=\mathgroup4
\symAMSb=\mathgroup5
LaTeX Font Info:    Redeclaring math symbol \hbar on input line 98.
LaTeX Font Info:    Overwriting math alphabet `\mathfrak' in version `bold'
(Font)                  U/euf/m/n --> U/euf/b/n on input line 106.
))
(/usr/local/texlive/2025/texmf-dist/tex/latex/jknapltx/mathrsfs.sty
Package: mathrsfs 1996/01/01 Math RSFS package v1.0 (jk)
\symrsfs=\mathgroup6
)
(/usr/local/texlive/2025/texmf-dist/tex/latex/fontspec/fontspec.sty
Package: fontspec 2024/05/11 v2.9e Font selection for XeLaTeX and LuaLaTeX
Lua module: fontspec 2024/05/11 v2.9e Font selection for XeLaTeX and LuaLaTeX
(/usr/local/texlive/2025/texmf-dist/tex/latex/fontspec/fontspec-luatex.sty
Package: fontspec-luatex 2024/05/11 v2.9e Font selection for XeLaTeX and LuaLaT
eX
\l__fontspec_script_int=\count402
\l__fontspec_language_int=\count403
\l__fontspec_strnum_int=\count404
\l__fontspec_tmp_int=\count405
\l__fontspec_tmpa_int=\count406
\l__fontspec_tmpb_int=\count407
\l__fontspec_tmpc_int=\count408
\l__fontspec_em_int=\count409
\l__fontspec_emdef_int=\count410
\l__fontspec_strong_int=\count411
\l__fontspec_strongdef_int=\count412
\l__fontspec_tmpa_dim=\dimen320
\l__fontspec_tmpb_dim=\dimen321
\l__fontspec_tmpc_dim=\dimen322

(/usr/local/texlive/2025/texmf-dist/tex/latex/base/fontenc.sty
Package: fontenc 2024/12/21 v2.1c Standard LaTeX package
)
(/usr/local/texlive/2025/texmf-dist/tex/latex/fontspec/fontspec.cfg)))
luaotfload | cache : Lookup cache loaded from /usr/local/texlive/2025/texmf-var/
luatex-cache/generic/names/luaotfload-lookup-cache.luc.

Package fontspec Info: 
(fontspec)             Font family 'MinionPro(0)' created for font 'Minion
(fontspec)             Pro' with options [Ligatures=TeX,Numbers =
(fontspec)             OldStyle,Ligatures = TeX,SmallCapsFeatures =
(fontspec)             {Renderer=Basic}].
(fontspec)              
(fontspec)              This font family consists of the following NFSS
(fontspec)             series/shapes:
(fontspec)              
(fontspec)             - 'normal' (m/n) with NFSS spec.: <->"name:Minion
(fontspec)             Pro:mode=node;script=latn;language=dflt;+onum;+tlig;"
(fontspec)             - 'small caps'  (m/sc) with NFSS spec.: <->"name:Minion
(fontspec)             Pro:mode=base;script=latn;language=dflt;+onum;+tlig;+smc
p;"
(fontspec)             - 'bold' (b/n) with NFSS spec.: <->"name:Minion
(fontspec)             Pro/B:mode=node;script=latn;language=dflt;+onum;+tlig;"
(fontspec)             - 'bold small caps'  (b/sc) with NFSS spec.:
(fontspec)             <->"name:Minion
(fontspec)             Pro/B:mode=base;script=latn;language=dflt;+onum;+tlig;+s
mcp;"
(fontspec)             - 'italic' (m/it) with NFSS spec.: <->"name:Minion
(fontspec)             Pro/I:mode=node;script=latn;language=dflt;+onum;+tlig;"
(fontspec)             - 'italic small caps'  (m/scit) with NFSS spec.:
(fontspec)             <->"name:Minion
(fontspec)             Pro/I:mode=base;script=latn;language=dflt;+onum;+tlig;+s
mcp;"
(fontspec)             - 'bold italic' (b/it) with NFSS spec.: <->"name:Minion
(fontspec)             Pro/BI:mode=node;script=latn;language=dflt;+onum;+tlig;"

(fontspec)             - 'bold italic small caps'  (b/scit) with NFSS spec.:
(fontspec)             <->"name:Minion
(fontspec)             Pro/BI:mode=base;script=latn;language=dflt;+onum;+tlig;+
smcp;"


Package fontspec Info: 
(fontspec)             Minion Pro scale = 0.9999970968884449.


Package fontspec Info: 
(fontspec)             Minion Pro scale = 0.9999970968884449.


Package fontspec Info: 
(fontspec)             Minion Pro scale = 0.9999970968884449.


Package fontspec Info: 
(fontspec)             Minion Pro/B scale = 0.9999970968884449.


Package fontspec Info: 
(fontspec)             Minion Pro/B scale = 0.9999970968884449.


Package fontspec Info: 
(fontspec)             Minion Pro/I scale = 0.9999970968884449.


Package fontspec Info: 
(fontspec)             Minion Pro/I scale = 0.9999970968884449.


Package fontspec Info: 
(fontspec)             Minion Pro/BI scale = 0.9999970968884449.


Package fontspec Info: 
(fontspec)             Minion Pro/BI scale = 0.9999970968884449.


Package fontspec Info: 
(fontspec)             Font family 'MinionPro(1)' created for font 'Minion
(fontspec)             Pro' with options
(fontspec)             [Ligatures=TeX,Numbers={OldStyle,Proportional},Scale=Mat
chLowercase].
(fontspec)              
(fontspec)              This font family consists of the following NFSS
(fontspec)             series/shapes:
(fontspec)              
(fontspec)             - 'normal' (m/n) with NFSS spec.:
(fontspec)             <->s*[0.9999970968884449]"name:Minion
(fontspec)             Pro:mode=node;script=latn;language=dflt;+tlig;+onum;+pnu
m;"
(fontspec)             - 'small caps'  (m/sc) with NFSS spec.:
(fontspec)             <->s*[0.9999970968884449]"name:Minion
(fontspec)             Pro:mode=node;script=latn;language=dflt;+tlig;+onum;+pnu
m;+smcp;"
(fontspec)             - 'bold' (b/n) with NFSS spec.:
(fontspec)             <->s*[0.9999970968884449]"name:Minion
(fontspec)             Pro/B:mode=node;script=latn;language=dflt;+tlig;+onum;+p
num;"
(fontspec)             - 'bold small caps'  (b/sc) with NFSS spec.:
(fontspec)             <->s*[0.9999970968884449]"name:Minion
(fontspec)             Pro/B:mode=node;script=latn;language=dflt;+tlig;+onum;+p
num;+smcp;"
(fontspec)             - 'italic' (m/it) with NFSS spec.:
(fontspec)             <->s*[0.9999970968884449]"name:Minion
(fontspec)             Pro/I:mode=node;script=latn;language=dflt;+tlig;+onum;+p
num;"
(fontspec)             - 'italic small caps'  (m/scit) with NFSS spec.:
(fontspec)             <->s*[0.9999970968884449]"name:Minion
(fontspec)             Pro/I:mode=node;script=latn;language=dflt;+tlig;+onum;+p
num;+smcp;"
(fontspec)             - 'bold italic' (b/it) with NFSS spec.:
(fontspec)             <->s*[0.9999970968884449]"name:Minion
(fontspec)             Pro/BI:mode=node;script=latn;language=dflt;+tlig;+onum;+
pnum;"
(fontspec)             - 'bold italic small caps'  (b/scit) with NFSS spec.:
(fontspec)             <->s*[0.9999970968884449]"name:Minion
(fontspec)             Pro/BI:mode=node;script=latn;language=dflt;+tlig;+onum;+
pnum;+smcp;"


Package fontspec Info: 
(fontspec)             Minion Pro scale = 0.9999970968884449.


Package fontspec Info: 
(fontspec)             Minion Pro scale = 0.9999970968884449.


Package fontspec Info: 
(fontspec)             Minion Pro scale = 0.9999970968884449.


Package fontspec Info: 
(fontspec)             Minion Pro/B scale = 0.9999970968884449.


Package fontspec Info: 
(fontspec)             Minion Pro/B scale = 0.9999970968884449.


Package fontspec Info: 
(fontspec)             Minion Pro/I scale = 0.9999970968884449.


Package fontspec Info: 
(fontspec)             Minion Pro/I scale = 0.9999970968884449.


Package fontspec Info: 
(fontspec)             Minion Pro/BI scale = 0.9999970968884449.


Package fontspec Info: 
(fontspec)             Minion Pro/BI scale = 0.9999970968884449.


Package fontspec Info: 
(fontspec)             Font family 'MinionPro(2)' created for font 'Minion
(fontspec)             Pro' with options
(fontspec)             [WordSpace={1,0,0},HyphenChar=None,PunctuationSpace=Word
Space,Numbers=OldStyle,Scale=MatchLowercase].
(fontspec)              
(fontspec)              This font family consists of the following NFSS
(fontspec)             series/shapes:
(fontspec)              
(fontspec)             - 'normal' (m/n) with NFSS spec.:
(fontspec)             <->s*[0.9999970968884449]"name:Minion
(fontspec)             Pro:mode=node;script=latn;language=dflt;+onum;"
(fontspec)             - 'small caps'  (m/sc) with NFSS spec.:
(fontspec)             <->s*[0.9999970968884449]"name:Minion
(fontspec)             Pro:mode=node;script=latn;language=dflt;+onum;+smcp;"
(fontspec)             and font adjustment code:
(fontspec)             \fontdimen 2\font =1\fontdimen 2\font \fontdimen 3\font
(fontspec)             =0\fontdimen 3\font \fontdimen 4\font =0\fontdimen
(fontspec)             4\font \fontdimen 7\font =0\fontdimen 2\font
(fontspec)             \tex_hyphenchar:D \font =-1\scan_stop: 
(fontspec)             - 'bold' (b/n) with NFSS spec.:
(fontspec)             <->s*[0.9999970968884449]"name:Minion
(fontspec)             Pro/B:mode=node;script=latn;language=dflt;+onum;"
(fontspec)             - 'bold small caps'  (b/sc) with NFSS spec.:
(fontspec)             <->s*[0.9999970968884449]"name:Minion
(fontspec)             Pro/B:mode=node;script=latn;language=dflt;+onum;+smcp;"
(fontspec)             and font adjustment code:
(fontspec)             \fontdimen 2\font =1\fontdimen 2\font \fontdimen 3\font
(fontspec)             =0\fontdimen 3\font \fontdimen 4\font =0\fontdimen
(fontspec)             4\font \fontdimen 7\font =0\fontdimen 2\font
(fontspec)             \tex_hyphenchar:D \font =-1\scan_stop: 
(fontspec)             - 'italic' (m/it) with NFSS spec.:
(fontspec)             <->s*[0.9999970968884449]"name:Minion
(fontspec)             Pro/I:mode=node;script=latn;language=dflt;+onum;"
(fontspec)             - 'italic small caps'  (m/scit) with NFSS spec.:
(fontspec)             <->s*[0.9999970968884449]"name:Minion
(fontspec)             Pro/I:mode=node;script=latn;language=dflt;+onum;+smcp;"
(fontspec)             and font adjustment code:
(fontspec)             \fontdimen 2\font =1\fontdimen 2\font \fontdimen 3\font
(fontspec)             =0\fontdimen 3\font \fontdimen 4\font =0\fontdimen
(fontspec)             4\font \fontdimen 7\font =0\fontdimen 2\font
(fontspec)             \tex_hyphenchar:D \font =-1\scan_stop: 
(fontspec)             - 'bold italic' (b/it) with NFSS spec.:
(fontspec)             <->s*[0.9999970968884449]"name:Minion
(fontspec)             Pro/BI:mode=node;script=latn;language=dflt;+onum;"
(fontspec)             - 'bold italic small caps'  (b/scit) with NFSS spec.:
(fontspec)             <->s*[0.9999970968884449]"name:Minion
(fontspec)             Pro/BI:mode=node;script=latn;language=dflt;+onum;+smcp;"

(fontspec)             and font adjustment code:
(fontspec)             \fontdimen 2\font =1\fontdimen 2\font \fontdimen 3\font
(fontspec)             =0\fontdimen 3\font \fontdimen 4\font =0\fontdimen
(fontspec)             4\font \fontdimen 7\font =0\fontdimen 2\font
(fontspec)             \tex_hyphenchar:D \font =-1\scan_stop: 


(/usr/local/texlive/2025/texmf-dist/tex/latex/unicode-math/unicode-math.sty
Package: unicode-math 2023/08/13 v0.8r Unicode maths in XeLaTeX and LuaLaTeX

(/usr/local/texlive/2025/texmf-dist/tex/latex/unicode-math/unicode-math-luatex.
sty
Package: unicode-math-luatex 2023/08/13 v0.8r Unicode maths in XeLaTeX and LuaL
aTeX

(/usr/local/texlive/2025/texmf-dist/tex/latex/l3packages/l3keys2e/l3keys2e.sty
Package: l3keys2e 2024-08-16 LaTeX2e option processing using LaTeX3 keys
) (/usr/local/texlive/2025/texmf-dist/tex/latex/base/fix-cm.sty
Package: fix-cm 2020/11/24 v1.1t fixes to LaTeX

(/usr/local/texlive/2025/texmf-dist/tex/latex/base/ts1enc.def
File: ts1enc.def 2001/06/05 v3.0e (jk/car/fm) Standard LaTeX file
LaTeX Font Info:    Redeclaring font encoding TS1 on input line 47.
LaTeX Encoding Info:    Redeclaring text command \capitalcedilla (encoding TS1)
 on input line 49.
LaTeX Encoding Info:    Redeclaring text command \capitalogonek (encoding TS1) 
on input line 52.
LaTeX Encoding Info:    Redeclaring text command \capitalgrave (encoding TS1) o
n input line 55.
LaTeX Encoding Info:    Redeclaring text command \capitalacute (encoding TS1) o
n input line 56.
LaTeX Encoding Info:    Redeclaring text command \capitalcircumflex (encoding T
S1) on input line 57.
LaTeX Encoding Info:    Redeclaring text command \capitaltilde (encoding TS1) o
n input line 58.
LaTeX Encoding Info:    Redeclaring text command \capitaldieresis (encoding TS1
) on input line 59.
LaTeX Encoding Info:    Redeclaring text command \capitalhungarumlaut (encoding
 TS1) on input line 60.
LaTeX Encoding Info:    Redeclaring text command \capitalring (encoding TS1) on
 input line 61.
LaTeX Encoding Info:    Redeclaring text command \capitalcaron (encoding TS1) o
n input line 62.
LaTeX Encoding Info:    Redeclaring text command \capitalbreve (encoding TS1) o
n input line 63.
LaTeX Encoding Info:    Redeclaring text command \capitalmacron (encoding TS1) 
on input line 64.
LaTeX Encoding Info:    Redeclaring text command \capitaldotaccent (encoding TS
1) on input line 65.
LaTeX Encoding Info:    Redeclaring text command \t (encoding TS1) on input lin
e 66.
LaTeX Encoding Info:    Redeclaring text command \capitaltie (encoding TS1) on 
input line 67.
LaTeX Encoding Info:    Redeclaring text command \newtie (encoding TS1) on inpu
t line 68.
LaTeX Encoding Info:    Redeclaring text command \capitalnewtie (encoding TS1) 
on input line 69.
LaTeX Encoding Info:    Redeclaring text symbol \textcapitalcompwordmark (encod
ing TS1) on input line 70.
LaTeX Encoding Info:    Redeclaring text symbol \textascendercompwordmark (enco
ding TS1) on input line 71.
LaTeX Encoding Info:    Redeclaring text symbol \textquotestraightbase (encodin
g TS1) on input line 72.
LaTeX Encoding Info:    Redeclaring text symbol \textquotestraightdblbase (enco
ding TS1) on input line 73.
LaTeX Encoding Info:    Redeclaring text symbol \texttwelveudash (encoding TS1)
 on input line 74.
LaTeX Encoding Info:    Redeclaring text symbol \textthreequartersemdash (encod
ing TS1) on input line 75.
LaTeX Encoding Info:    Redeclaring text symbol \textleftarrow (encoding TS1) o
n input line 76.
LaTeX Encoding Info:    Redeclaring text symbol \textrightarrow (encoding TS1) 
on input line 77.
LaTeX Encoding Info:    Redeclaring text symbol \textblank (encoding TS1) on in
put line 78.
LaTeX Encoding Info:    Redeclaring text symbol \textdollar (encoding TS1) on i
nput line 79.
LaTeX Encoding Info:    Redeclaring text symbol \textquotesingle (encoding TS1)
 on input line 80.
LaTeX Encoding Info:    Redeclaring text command \textasteriskcentered (encodin
g TS1) on input line 81.
LaTeX Encoding Info:    Redeclaring text symbol \textdblhyphen (encoding TS1) o
n input line 92.
LaTeX Encoding Info:    Redeclaring text symbol \textfractionsolidus (encoding 
TS1) on input line 93.
LaTeX Encoding Info:    Redeclaring text symbol \textzerooldstyle (encoding TS1
) on input line 94.
LaTeX Encoding Info:    Redeclaring text symbol \textoneoldstyle (encoding TS1)
 on input line 95.
LaTeX Encoding Info:    Redeclaring text symbol \texttwooldstyle (encoding TS1)
 on input line 96.
LaTeX Encoding Info:    Redeclaring text symbol \textthreeoldstyle (encoding TS
1) on input line 97.
LaTeX Encoding Info:    Redeclaring text symbol \textfouroldstyle (encoding TS1
) on input line 98.
LaTeX Encoding Info:    Redeclaring text symbol \textfiveoldstyle (encoding TS1
) on input line 99.
LaTeX Encoding Info:    Redeclaring text symbol \textsixoldstyle (encoding TS1)
 on input line 100.
LaTeX Encoding Info:    Redeclaring text symbol \textsevenoldstyle (encoding TS
1) on input line 101.
LaTeX Encoding Info:    Redeclaring text symbol \texteightoldstyle (encoding TS
1) on input line 102.
LaTeX Encoding Info:    Redeclaring text symbol \textnineoldstyle (encoding TS1
) on input line 103.
LaTeX Encoding Info:    Redeclaring text symbol \textlangle (encoding TS1) on i
nput line 104.
LaTeX Encoding Info:    Redeclaring text symbol \textminus (encoding TS1) on in
put line 105.
LaTeX Encoding Info:    Redeclaring text symbol \textrangle (encoding TS1) on i
nput line 106.
LaTeX Encoding Info:    Redeclaring text symbol \textmho (encoding TS1) on inpu
t line 107.
LaTeX Encoding Info:    Redeclaring text symbol \textbigcircle (encoding TS1) o
n input line 108.
LaTeX Encoding Info:    Redeclaring text command \textcircled (encoding TS1) on
 input line 109.
LaTeX Encoding Info:    Redeclaring text symbol \textohm (encoding TS1) on inpu
t line 115.
LaTeX Encoding Info:    Redeclaring text symbol \textlbrackdbl (encoding TS1) o
n input line 116.
LaTeX Encoding Info:    Redeclaring text symbol \textrbrackdbl (encoding TS1) o
n input line 117.
LaTeX Encoding Info:    Redeclaring text symbol \textuparrow (encoding TS1) on 
input line 118.
LaTeX Encoding Info:    Redeclaring text symbol \textdownarrow (encoding TS1) o
n input line 119.
LaTeX Encoding Info:    Redeclaring text symbol \textasciigrave (encoding TS1) 
on input line 120.
LaTeX Encoding Info:    Redeclaring text symbol \textborn (encoding TS1) on inp
ut line 121.
LaTeX Encoding Info:    Redeclaring text symbol \textdivorced (encoding TS1) on
 input line 122.
LaTeX Encoding Info:    Redeclaring text symbol \textdied (encoding TS1) on inp
ut line 123.
LaTeX Encoding Info:    Redeclaring text symbol \textleaf (encoding TS1) on inp
ut line 124.
LaTeX Encoding Info:    Redeclaring text symbol \textmarried (encoding TS1) on 
input line 125.
LaTeX Encoding Info:    Redeclaring text symbol \textmusicalnote (encoding TS1)
 on input line 126.
LaTeX Encoding Info:    Redeclaring text symbol \texttildelow (encoding TS1) on
 input line 127.
LaTeX Encoding Info:    Redeclaring text symbol \textdblhyphenchar (encoding TS
1) on input line 128.
LaTeX Encoding Info:    Redeclaring text symbol \textasciibreve (encoding TS1) 
on input line 129.
LaTeX Encoding Info:    Redeclaring text symbol \textasciicaron (encoding TS1) 
on input line 130.
LaTeX Encoding Info:    Redeclaring text symbol \textacutedbl (encoding TS1) on
 input line 131.
LaTeX Encoding Info:    Redeclaring text symbol \textgravedbl (encoding TS1) on
 input line 132.
LaTeX Encoding Info:    Redeclaring text symbol \textdagger (encoding TS1) on i
nput line 133.
LaTeX Encoding Info:    Redeclaring text symbol \textdaggerdbl (encoding TS1) o
n input line 134.
LaTeX Encoding Info:    Redeclaring text symbol \textbardbl (encoding TS1) on i
nput line 135.
LaTeX Encoding Info:    Redeclaring text symbol \textperthousand (encoding TS1)
 on input line 136.
LaTeX Encoding Info:    Redeclaring text symbol \textbullet (encoding TS1) on i
nput line 137.
LaTeX Encoding Info:    Redeclaring text symbol \textcelsius (encoding TS1) on 
input line 138.
LaTeX Encoding Info:    Redeclaring text symbol \textdollaroldstyle (encoding T
S1) on input line 139.
LaTeX Encoding Info:    Redeclaring text symbol \textcentoldstyle (encoding TS1
) on input line 140.
LaTeX Encoding Info:    Redeclaring text symbol \textflorin (encoding TS1) on i
nput line 141.
LaTeX Encoding Info:    Redeclaring text symbol \textcolonmonetary (encoding TS
1) on input line 142.
LaTeX Encoding Info:    Redeclaring text symbol \textwon (encoding TS1) on inpu
t line 143.
LaTeX Encoding Info:    Redeclaring text symbol \textnaira (encoding TS1) on in
put line 144.
LaTeX Encoding Info:    Redeclaring text symbol \textguarani (encoding TS1) on 
input line 145.
LaTeX Encoding Info:    Redeclaring text symbol \textpeso (encoding TS1) on inp
ut line 146.
LaTeX Encoding Info:    Redeclaring text symbol \textlira (encoding TS1) on inp
ut line 147.
LaTeX Encoding Info:    Redeclaring text symbol \textrecipe (encoding TS1) on i
nput line 148.
LaTeX Encoding Info:    Redeclaring text symbol \textinterrobang (encoding TS1)
 on input line 149.
LaTeX Encoding Info:    Redeclaring text symbol \textinterrobangdown (encoding 
TS1) on input line 150.
LaTeX Encoding Info:    Redeclaring text symbol \textdong (encoding TS1) on inp
ut line 151.
LaTeX Encoding Info:    Redeclaring text symbol \texttrademark (encoding TS1) o
n input line 152.
LaTeX Encoding Info:    Redeclaring text symbol \textpertenthousand (encoding T
S1) on input line 153.
LaTeX Encoding Info:    Redeclaring text symbol \textpilcrow (encoding TS1) on 
input line 154.
LaTeX Encoding Info:    Redeclaring text symbol \textbaht (encoding TS1) on inp
ut line 155.
LaTeX Encoding Info:    Redeclaring text symbol \textnumero (encoding TS1) on i
nput line 156.
LaTeX Encoding Info:    Redeclaring text symbol \textdiscount (encoding TS1) on
 input line 157.
LaTeX Encoding Info:    Redeclaring text symbol \textestimated (encoding TS1) o
n input line 158.
LaTeX Encoding Info:    Redeclaring text symbol \textopenbullet (encoding TS1) 
on input line 159.
LaTeX Encoding Info:    Redeclaring text symbol \textservicemark (encoding TS1)
 on input line 160.
LaTeX Encoding Info:    Redeclaring text symbol \textlquill (encoding TS1) on i
nput line 161.
LaTeX Encoding Info:    Redeclaring text symbol \textrquill (encoding TS1) on i
nput line 162.
LaTeX Encoding Info:    Redeclaring text symbol \textcent (encoding TS1) on inp
ut line 163.
LaTeX Encoding Info:    Redeclaring text symbol \textsterling (encoding TS1) on
 input line 164.
LaTeX Encoding Info:    Redeclaring text symbol \textcurrency (encoding TS1) on
 input line 165.
LaTeX Encoding Info:    Redeclaring text symbol \textyen (encoding TS1) on inpu
t line 166.
LaTeX Encoding Info:    Redeclaring text symbol \textbrokenbar (encoding TS1) o
n input line 167.
LaTeX Encoding Info:    Redeclaring text symbol \textsection (encoding TS1) on 
input line 168.
LaTeX Encoding Info:    Redeclaring text symbol \textasciidieresis (encoding TS
1) on input line 169.
LaTeX Encoding Info:    Redeclaring text symbol \textcopyright (encoding TS1) o
n input line 170.
LaTeX Encoding Info:    Redeclaring text symbol \textordfeminine (encoding TS1)
 on input line 171.
LaTeX Encoding Info:    Redeclaring text symbol \textcopyleft (encoding TS1) on
 input line 172.
LaTeX Encoding Info:    Redeclaring text symbol \textlnot (encoding TS1) on inp
ut line 173.
LaTeX Encoding Info:    Redeclaring text symbol \textcircledP (encoding TS1) on
 input line 174.
LaTeX Encoding Info:    Redeclaring text symbol \textregistered (encoding TS1) 
on input line 175.
LaTeX Encoding Info:    Redeclaring text symbol \textasciimacron (encoding TS1)
 on input line 176.
LaTeX Encoding Info:    Redeclaring text symbol \textdegree (encoding TS1) on i
nput line 177.
LaTeX Encoding Info:    Redeclaring text symbol \textpm (encoding TS1) on input
 line 178.
LaTeX Encoding Info:    Redeclaring text symbol \texttwosuperior (encoding TS1)
 on input line 179.
LaTeX Encoding Info:    Redeclaring text symbol \textthreesuperior (encoding TS
1) on input line 180.
LaTeX Encoding Info:    Redeclaring text symbol \textasciiacute (encoding TS1) 
on input line 181.
LaTeX Encoding Info:    Redeclaring text symbol \textmu (encoding TS1) on input
 line 182.
LaTeX Encoding Info:    Redeclaring text symbol \textparagraph (encoding TS1) o
n input line 183.
LaTeX Encoding Info:    Redeclaring text symbol \textperiodcentered (encoding T
S1) on input line 184.
LaTeX Encoding Info:    Redeclaring text symbol \textreferencemark (encoding TS
1) on input line 185.
LaTeX Encoding Info:    Redeclaring text symbol \textonesuperior (encoding TS1)
 on input line 186.
LaTeX Encoding Info:    Redeclaring text symbol \textordmasculine (encoding TS1
) on input line 187.
LaTeX Encoding Info:    Redeclaring text symbol \textsurd (encoding TS1) on inp
ut line 188.
LaTeX Encoding Info:    Redeclaring text symbol \textonequarter (encoding TS1) 
on input line 189.
LaTeX Encoding Info:    Redeclaring text symbol \textonehalf (encoding TS1) on 
input line 190.
LaTeX Encoding Info:    Redeclaring text symbol \textthreequarters (encoding TS
1) on input line 191.
LaTeX Encoding Info:    Redeclaring text symbol \texteuro (encoding TS1) on inp
ut line 192.
LaTeX Encoding Info:    Redeclaring text symbol \texttimes (encoding TS1) on in
put line 193.
LaTeX Encoding Info:    Redeclaring text symbol \textdiv (encoding TS1) on inpu
t line 194.
))
(/usr/local/texlive/2025/texmf-dist/tex/lualatex/lualatex-math/lualatex-math.st
y
Package: lualatex-math 2022/01/01 v1.12 Patches for mathematics typesetting wit
h LuaLaTeX
Lua module: lualatex-math 2013/08/03 v1.3 Patches for mathematics typesetting wi
th LuaLaTeX)
\g__um_fam_int=\count413
\g__um_fonts_used_int=\count414
\l__um_primecount_int=\count415
\g__um_primekern_muskip=\muskip19

(/usr/local/texlive/2025/texmf-dist/tex/latex/unicode-math/unicode-math-table.t
ex)))

Package fontspec Info: 
(fontspec)             Font family 'XITSMath(0)' created for font 'XITS Math'
(fontspec)             with options
(fontspec)             [Renderer=Basic,BoldItalicFont={},ItalicFont={},SmallCap
sFont={},Script=Math,RawFeature={mathfontdimen=xetex}].
(fontspec)              
(fontspec)              This font family consists of the following NFSS
(fontspec)             series/shapes:
(fontspec)              
(fontspec)             - 'normal' (m/n) with NFSS spec.: <->"name:XITS
(fontspec)             Math:mode=base;script=math;language=dflt;mathfontdimen=x
etex;"
(fontspec)             - 'bold' (b/n) with NFSS spec.: <->"name:XITS
(fontspec)             Math/B:mode=base;script=math;language=dflt;mathfontdimen
=xetex;"


Package fontspec Info: 
(fontspec)             Font family 'XITSMath(1)' created for font 'XITS Math'
(fontspec)             with options
(fontspec)             [Renderer=Basic,BoldItalicFont={},ItalicFont={},SmallCap
sFont={},Script=Math,SizeFeatures={{Size=10.5-},{Size=8.1-10.5,Font=XITS
(fontspec)             Math,Style=MathScript},{Size=-8.1,Font=XITS
(fontspec)             Math,Style=MathScriptScript}},RawFeature={mathfontdimen=
xetex}].
(fontspec)              
(fontspec)              This font family consists of the following NFSS
(fontspec)             series/shapes:
(fontspec)              
(fontspec)             - 'normal' (m/n) with NFSS spec.: <10.5->"name:XITS
(fontspec)             Math:mode=base;script=math;language=dflt;mathfontdimen=x
etex;"<8.1-10.5>"name:XITS
(fontspec)             Math:mode=base;script=math;language=dflt;mathfontdimen=x
etex;+ssty=0;"<-8.1>"name:XITS
(fontspec)             Math:mode=base;script=math;language=dflt;mathfontdimen=x
etex;+ssty=1;"
(fontspec)             - 'bold' (b/n) with NFSS spec.: <->"name:XITS
(fontspec)             Math/B:mode=base;script=math;language=dflt;mathfontdimen
=xetex;"

LaTeX Font Info:    Encoding `OT1' has changed to `TU' for symbol font
(Font)              `operators' in the math version `normal' on input line 9.
LaTeX Font Info:    Overwriting symbol font `operators' in version `normal'
(Font)                  OT1/cmr/m/n --> TU/XITSMath(1)/m/n on input line 9.
LaTeX Font Info:    Encoding `OT1' has changed to `TU' for symbol font
(Font)              `operators' in the math version `bold' on input line 9.
LaTeX Font Info:    Overwriting symbol font `operators' in version `bold'
(Font)                  OT1/cmr/bx/n --> TU/XITSMath(1)/b/n on input line 9.

Package fontspec Info: 
(fontspec)             Font family 'XITSMath(2)' created for font 'XITS Math'
(fontspec)             with options
(fontspec)             [Renderer=Basic,BoldItalicFont={},ItalicFont={},SmallCap
sFont={},Script=Math,SizeFeatures={{Size=10.5-},{Size=8.1-10.5,Font=XITS
(fontspec)             Math,Style=MathScript},{Size=-8.1,Font=XITS
(fontspec)             Math,Style=MathScriptScript}},RawFeature={mathfontdimen=
xetex},RawFeature={mathfontdimen=tex2}].
(fontspec)              
(fontspec)              This font family consists of the following NFSS
(fontspec)             series/shapes:
(fontspec)              
(fontspec)             - 'normal' (m/n) with NFSS spec.: <10.5->"name:XITS
(fontspec)             Math:mode=base;script=math;language=dflt;mathfontdimen=x
etex;mathfontdimen=tex2;"<8.1-10.5>"name:XITS
(fontspec)             Math:mode=base;script=math;language=dflt;mathfontdimen=x
etex;mathfontdimen=tex2;+ssty=0;"<-8.1>"name:XITS
(fontspec)             Math:mode=base;script=math;language=dflt;mathfontdimen=x
etex;mathfontdimen=tex2;+ssty=1;"
(fontspec)             - 'bold' (b/n) with NFSS spec.: <->"name:XITS
(fontspec)             Math/B:mode=base;script=math;language=dflt;mathfontdimen
=xetex;mathfontdimen=tex2;"

LaTeX Font Info:    Encoding `OMS' has changed to `TU' for symbol font
(Font)              `symbols' in the math version `normal' on input line 9.
LaTeX Font Info:    Overwriting symbol font `symbols' in version `normal'
(Font)                  OMS/cmsy/m/n --> TU/XITSMath(2)/m/n on input line 9.
LaTeX Font Info:    Encoding `OMS' has changed to `TU' for symbol font
(Font)              `symbols' in the math version `bold' on input line 9.
LaTeX Font Info:    Overwriting symbol font `symbols' in version `bold'
(Font)                  OMS/cmsy/b/n --> TU/XITSMath(2)/b/n on input line 9.

Package fontspec Info: 
(fontspec)             Font family 'XITSMath(3)' created for font 'XITS Math'
(fontspec)             with options
(fontspec)             [Renderer=Basic,BoldItalicFont={},ItalicFont={},SmallCap
sFont={},Script=Math,SizeFeatures={{Size=10.5-},{Size=8.1-10.5,Font=XITS
(fontspec)             Math,Style=MathScript},{Size=-8.1,Font=XITS
(fontspec)             Math,Style=MathScriptScript}},RawFeature={mathfontdimen=
xetex},RawFeature={mathfontdimen=tex3}].
(fontspec)              
(fontspec)              This font family consists of the following NFSS
(fontspec)             series/shapes:
(fontspec)              
(fontspec)             - 'normal' (m/n) with NFSS spec.: <10.5->"name:XITS
(fontspec)             Math:mode=base;script=math;language=dflt;mathfontdimen=x
etex;mathfontdimen=tex3;"<8.1-10.5>"name:XITS
(fontspec)             Math:mode=base;script=math;language=dflt;mathfontdimen=x
etex;mathfontdimen=tex3;+ssty=0;"<-8.1>"name:XITS
(fontspec)             Math:mode=base;script=math;language=dflt;mathfontdimen=x
etex;mathfontdimen=tex3;+ssty=1;"
(fontspec)             - 'bold' (b/n) with NFSS spec.: <->"name:XITS
(fontspec)             Math/B:mode=base;script=math;language=dflt;mathfontdimen
=xetex;mathfontdimen=tex3;"

LaTeX Font Info:    Encoding `OMX' has changed to `TU' for symbol font
(Font)              `largesymbols' in the math version `normal' on input line 9
.
LaTeX Font Info:    Overwriting symbol font `largesymbols' in version `normal'
(Font)                  OMX/cmex/m/n --> TU/XITSMath(3)/m/n on input line 9.
LaTeX Font Info:    Encoding `OMX' has changed to `TU' for symbol font
(Font)              `largesymbols' in the math version `bold' on input line 9.
LaTeX Font Info:    Overwriting symbol font `largesymbols' in version `bold'
(Font)                  OMX/cmex/m/n --> TU/XITSMath(3)/b/n on input line 9.
LaTeX Font Info:    Trying to load font information for U+msa on input line 9.
 (/usr/local/texlive/2025/texmf-dist/tex/latex/amsfonts/umsa.fd
File: umsa.fd 2013/01/14 v3.01 AMS symbols A
)
LaTeX Font Info:    Trying to load font information for U+msb on input line 9.

(/usr/local/texlive/2025/texmf-dist/tex/latex/amsfonts/umsb.fd
File: umsb.fd 2013/01/14 v3.01 AMS symbols B
)
LaTeX Font Info:    Trying to load font information for U+rsfs on input line 9.


(/usr/local/texlive/2025/texmf-dist/tex/latex/jknapltx/ursfs.fd
File: ursfs.fd 1998/03/24 rsfs font definition file (jk)
)

Package fontspec Info: 
(fontspec)             Script 'Math' not explicitly supported within font
(fontspec)             'Minion Pro'. Check the typeset output, and if it is
(fontspec)             okay then ignore this warning. Otherwise a different
(fontspec)             font should be chosen.


Package fontspec Info: 
(fontspec)             Font family 'MinionPro(3)' created for font 'Minion
(fontspec)             Pro' with options
(fontspec)             [Renderer=Basic,BoldItalicFont={},ItalicFont={},SmallCap
sFont={},Script=Math,SizeFeatures={{Size=10.5-},{Size=8.1-10.5,Font=Minion
(fontspec)             Pro,Style=MathScript},{Size=-8.1,Font=Minion
(fontspec)             Pro,Style=MathScriptScript}},RawFeature={mathfontdimen=x
etex}].
(fontspec)              
(fontspec)              This font family consists of the following NFSS
(fontspec)             series/shapes:
(fontspec)              
(fontspec)             - 'normal' (m/n) with NFSS spec.: <10.5->"name:Minion
(fontspec)             Pro:mode=base;script=math;language=dflt;mathfontdimen=xe
tex;"<8.1-10.5>"name:Minion
(fontspec)             Pro:mode=base;script=math;language=dflt;mathfontdimen=xe
tex;+ssty=0;"<-8.1>"name:Minion
(fontspec)             Pro:mode=base;script=math;language=dflt;mathfontdimen=xe
tex;+ssty=1;"
(fontspec)             - 'bold' (b/n) with NFSS spec.: <->"name:Minion
(fontspec)             Pro/B:mode=base;script=math;language=dflt;mathfontdimen=
xetex;"

\sym__um_fam1=\mathgroup7
LaTeX Font Info:    Overwriting symbol font `__um_fam1' in version `normal'
(Font)                  TU/MinionPro(3)/m/n --> TU/MinionPro(3)/m/n on input li
ne 10.
LaTeX Font Info:    Overwriting symbol font `__um_fam1' in version `bold'
(Font)                  TU/MinionPro(3)/m/n --> TU/MinionPro(3)/b/n on input li
ne 10.

Package fontspec Info: 
(fontspec)             Script 'Math' not explicitly supported within font
(fontspec)             'MinionPro-Bold'. Check the typeset output, and if it
(fontspec)             is okay then ignore this warning. Otherwise a different
(fontspec)             font should be chosen.


Package fontspec Info: 
(fontspec)             Could not resolve font "MinionPro-Bold/B" (it probably
(fontspec)             doesn't exist).


Package fontspec Info: 
(fontspec)             Font family 'MinionPro-Bold(0)' created for font
(fontspec)             'MinionPro-Bold' with options
(fontspec)             [Renderer=Basic,BoldItalicFont={},ItalicFont={},SmallCap
sFont={},Script=Math,SizeFeatures={{Size=10.5-},{Size=8.1-10.5,Font=MinionPro-B
old,Style=MathScript},{Size=-8.1,Font=MinionPro-Bold,Style=MathScriptScript}},R
awFeature={mathfontdimen=xetex}].
(fontspec)              
(fontspec)              This font family consists of the following NFSS
(fontspec)             series/shapes:
(fontspec)              
(fontspec)             - 'normal' (m/n) with NFSS spec.:
(fontspec)             <10.5->"name:MinionPro-Bold:mode=base;script=math;langua
ge=dflt;mathfontdimen=xetex;"<8.1-10.5>"name:MinionPro-Bold:mode=base;script=ma
th;language=dflt;mathfontdimen=xetex;+ssty=0;"<-8.1>"name:MinionPro-Bold:mode=b
ase;script=math;language=dflt;mathfontdimen=xetex;+ssty=1;"

\sym__um_fam2=\mathgroup8
LaTeX Font Info:    Overwriting symbol font `__um_fam2' in version `normal'
(Font)                  TU/MinionPro-Bold(0)/m/n --> TU/MinionPro-Bold(0)/m/n o
n input line 11.
LaTeX Font Info:    Overwriting symbol font `__um_fam2' in version `bold'
(Font)                  TU/MinionPro-Bold(0)/m/n --> TU/MinionPro-Bold(0)/b/n o
n input line 11.

Package fontspec Info: 
(fontspec)             Script 'Math' not explicitly supported within font
(fontspec)             'MinionPro-It'. Check the typeset output, and if it is
(fontspec)             okay then ignore this warning. Otherwise a different
(fontspec)             font should be chosen.


Package fontspec Info: 
(fontspec)             Could not resolve font "MinionPro-It/B" (it probably
(fontspec)             doesn't exist).


Package fontspec Info: 
(fontspec)             Font family 'MinionPro-It(0)' created for font
(fontspec)             'MinionPro-It' with options
(fontspec)             [Renderer=Basic,BoldItalicFont={},ItalicFont={},SmallCap
sFont={},Script=Math,SizeFeatures={{Size=10.5-},{Size=8.1-10.5,Font=MinionPro-I
t,Style=MathScript},{Size=-8.1,Font=MinionPro-It,Style=MathScriptScript}},RawFe
ature={mathfontdimen=xetex}].
(fontspec)              
(fontspec)              This font family consists of the following NFSS
(fontspec)             series/shapes:
(fontspec)              
(fontspec)             - 'normal' (m/n) with NFSS spec.:
(fontspec)             <10.5->"name:MinionPro-It:mode=base;script=math;language
=dflt;mathfontdimen=xetex;"<8.1-10.5>"name:MinionPro-It:mode=base;script=math;l
anguage=dflt;mathfontdimen=xetex;+ssty=0;"<-8.1>"name:MinionPro-It:mode=base;sc
ript=math;language=dflt;mathfontdimen=xetex;+ssty=1;"

\sym__um_fam3=\mathgroup9
LaTeX Font Info:    Overwriting symbol font `__um_fam3' in version `normal'
(Font)                  TU/MinionPro-It(0)/m/n --> TU/MinionPro-It(0)/m/n on in
put line 12.
LaTeX Font Info:    Overwriting symbol font `__um_fam3' in version `bold'
(Font)                  TU/MinionPro-It(0)/m/n --> TU/MinionPro-It(0)/b/n on in
put line 12.


Package unicode-math Warning: I am trying to set up alphabet"it/num" but there
(unicode-math)                are no configuration settings for it. (See
(unicode-math)                source file "unicode-math-alphabets.dtx" to
(unicode-math)                debug.)


Package fontspec Info: 
(fontspec)             Script 'Math' not explicitly supported within font
(fontspec)             'MinionPro-BoldIt'. Check the typeset output, and if it
(fontspec)             is okay then ignore this warning. Otherwise a different
(fontspec)             font should be chosen.


Package fontspec Info: 
(fontspec)             Could not resolve font "MinionPro-BoldIt/B" (it
(fontspec)             probably doesn't exist).


Package fontspec Info: 
(fontspec)             Font family 'MinionPro-BoldIt(0)' created for font
(fontspec)             'MinionPro-BoldIt' with options
(fontspec)             [Renderer=Basic,BoldItalicFont={},ItalicFont={},SmallCap
sFont={},Script=Math,SizeFeatures={{Size=10.5-},{Size=8.1-10.5,Font=MinionPro-B
oldIt,Style=MathScript},{Size=-8.1,Font=MinionPro-BoldIt,Style=MathScriptScript
}},RawFeature={mathfontdimen=xetex}].
(fontspec)              
(fontspec)              This font family consists of the following NFSS
(fontspec)             series/shapes:
(fontspec)              
(fontspec)             - 'normal' (m/n) with NFSS spec.:
(fontspec)             <10.5->"name:MinionPro-BoldIt:mode=base;script=math;lang
uage=dflt;mathfontdimen=xetex;"<8.1-10.5>"name:MinionPro-BoldIt:mode=base;scrip
t=math;language=dflt;mathfontdimen=xetex;+ssty=0;"<-8.1>"name:MinionPro-BoldIt:
mode=base;script=math;language=dflt;mathfontdimen=xetex;+ssty=1;"

\sym__um_fam4=\mathgroup10
LaTeX Font Info:    Overwriting symbol font `__um_fam4' in version `normal'
(Font)                  TU/MinionPro-BoldIt(0)/m/n --> TU/MinionPro-BoldIt(0)/m
/n on input line 13.
LaTeX Font Info:    Overwriting symbol font `__um_fam4' in version `bold'
(Font)                  TU/MinionPro-BoldIt(0)/m/n --> TU/MinionPro-BoldIt(0)/b
/n on input line 13.

Package unicode-math Warning: I am trying to set up alphabet"bfit/num" but
(unicode-math)                there are no configuration settings for it. (See
(unicode-math)                source file "unicode-math-alphabets.dtx" to
(unicode-math)                debug.)


Package fontspec Info: 
(fontspec)             Font family 'XITSMath(4)' created for font 'XITS Math'
(fontspec)             with options
(fontspec)             [Renderer=Basic,BoldItalicFont={},ItalicFont={},SmallCap
sFont={},Script=Math,SizeFeatures={{Size=10.5-},{Size=8.1-10.5,Font=XITS
(fontspec)             Math,Style=MathScript},{Size=-8.1,Font=XITS
(fontspec)             Math,Style=MathScriptScript}},RawFeature={mathfontdimen=
xetex},StylisticSet={1}].
(fontspec)              
(fontspec)              This font family consists of the following NFSS
(fontspec)             series/shapes:
(fontspec)              
(fontspec)             - 'normal' (m/n) with NFSS spec.: <10.5->"name:XITS
(fontspec)             Math:mode=base;script=math;language=dflt;mathfontdimen=x
etex;+ss01;"<8.1-10.5>"name:XITS
(fontspec)             Math:mode=base;script=math;language=dflt;mathfontdimen=x
etex;+ss01;+ssty=0;"<-8.1>"name:XITS
(fontspec)             Math:mode=base;script=math;language=dflt;mathfontdimen=x
etex;+ss01;+ssty=1;"
(fontspec)             - 'bold' (b/n) with NFSS spec.: <->"name:XITS
(fontspec)             Math/B:mode=base;script=math;language=dflt;mathfontdimen
=xetex;+ss01;"

\sym__um_fam5=\mathgroup11
LaTeX Font Info:    Overwriting symbol font `__um_fam5' in version `normal'
(Font)                  TU/XITSMath(4)/m/n --> TU/XITSMath(4)/m/n on input line
 14.
LaTeX Font Info:    Overwriting symbol font `__um_fam5' in version `bold'
(Font)                  TU/XITSMath(4)/m/n --> TU/XITSMath(4)/b/n on input line
 14.

Package fontspec Info: 
(fontspec)             Could not resolve font "Latin Modern Math/B" (it
(fontspec)             probably doesn't exist).


Package fontspec Info: 
(fontspec)             Font family 'LatinModernMath(0)' created for font
(fontspec)             'Latin Modern Math' with options
(fontspec)             [Renderer=Basic,BoldItalicFont={},ItalicFont={},SmallCap
sFont={},Script=Math,SizeFeatures={{Size=10.5-},{Size=8.1-10.5,Font=Latin
(fontspec)             Modern Math,Style=MathScript},{Size=-8.1,Font=Latin
(fontspec)             Modern
(fontspec)             Math,Style=MathScriptScript}},RawFeature={mathfontdimen=
xetex}].
(fontspec)              
(fontspec)              This font family consists of the following NFSS
(fontspec)             series/shapes:
(fontspec)              
(fontspec)             - 'normal' (m/n) with NFSS spec.: <10.5->"name:Latin
(fontspec)             Modern
(fontspec)             Math:mode=base;script=math;language=dflt;mathfontdimen=x
etex;"<8.1-10.5>"name:Latin
(fontspec)             Modern
(fontspec)             Math:mode=base;script=math;language=dflt;mathfontdimen=x
etex;+ssty=0;"<-8.1>"name:Latin
(fontspec)             Modern
(fontspec)             Math:mode=base;script=math;language=dflt;mathfontdimen=x
etex;+ssty=1;"

\sym__um_fam6=\mathgroup12
LaTeX Font Info:    Overwriting symbol font `__um_fam6' in version `normal'
(Font)                  TU/LatinModernMath(0)/m/n --> TU/LatinModernMath(0)/m/n
 on input line 15.
LaTeX Font Info:    Overwriting symbol font `__um_fam6' in version `bold'
(Font)                  TU/LatinModernMath(0)/m/n --> TU/LatinModernMath(0)/b/n
 on input line 15.

Package fontspec Info: 
(fontspec)             Script 'Math' not explicitly supported within font
(fontspec)             'MnSymbol'. Check the typeset output, and if it is okay
(fontspec)             then ignore this warning. Otherwise a different font
(fontspec)             should be chosen.


Package fontspec Info: 
(fontspec)             Font family 'MnSymbol(0)' created for font 'MnSymbol'
(fontspec)             with options
(fontspec)             [Renderer=Basic,BoldItalicFont={},ItalicFont={},SmallCap
sFont={},Script=Math,SizeFeatures={{Size=10.5-},{Size=8.1-10.5,Font=MnSymbol,St
yle=MathScript},{Size=-8.1,Font=MnSymbol,Style=MathScriptScript}},RawFeature={m
athfontdimen=xetex}].
(fontspec)              
(fontspec)              This font family consists of the following NFSS
(fontspec)             series/shapes:
(fontspec)              
(fontspec)             - 'normal' (m/n) with NFSS spec.:
(fontspec)             <10.5->"name:MnSymbol:mode=base;script=math;language=dfl
t;mathfontdimen=xetex;"<8.1-10.5>"name:MnSymbol:mode=base;script=math;language=
dflt;mathfontdimen=xetex;+ssty=0;"<-8.1>"name:MnSymbol:mode=base;script=math;la
nguage=dflt;mathfontdimen=xetex;+ssty=1;"
(fontspec)             - 'bold' (b/n) with NFSS spec.:
(fontspec)             <->"name:MnSymbol/B:mode=base;script=math;language=dflt;
mathfontdimen=xetex;"

\sym__um_fam7=\mathgroup13
LaTeX Font Info:    Overwriting symbol font `__um_fam7' in version `normal'
(Font)                  TU/MnSymbol(0)/m/n --> TU/MnSymbol(0)/m/n on input line
 16.
LaTeX Font Info:    Overwriting symbol font `__um_fam7' in version `bold'
(Font)                  TU/MnSymbol(0)/m/n --> TU/MnSymbol(0)/b/n on input line
 16.

Package fontspec Info: 
(fontspec)             Font family 'MinionPro(4)' created for font 'Minion
(fontspec)             Pro' with options [Renderer=Basic].
(fontspec)              
(fontspec)              This font family consists of the following NFSS
(fontspec)             series/shapes:
(fontspec)              
(fontspec)             - 'normal' (m/n) with NFSS spec.: <->"name:Minion
(fontspec)             Pro:mode=base;script=latn;language=dflt;"
(fontspec)             - 'small caps'  (m/sc) with NFSS spec.: <->"name:Minion
(fontspec)             Pro:mode=base;script=latn;language=dflt;+smcp;"
(fontspec)             - 'bold' (b/n) with NFSS spec.: <->"name:Minion
(fontspec)             Pro/B:mode=base;script=latn;language=dflt;"
(fontspec)             - 'bold small caps'  (b/sc) with NFSS spec.:
(fontspec)             <->"name:Minion
(fontspec)             Pro/B:mode=base;script=latn;language=dflt;+smcp;"
(fontspec)             - 'italic' (m/it) with NFSS spec.: <->"name:Minion
(fontspec)             Pro/I:mode=base;script=latn;language=dflt;"
(fontspec)             - 'italic small caps'  (m/scit) with NFSS spec.:
(fontspec)             <->"name:Minion
(fontspec)             Pro/I:mode=base;script=latn;language=dflt;+smcp;"
(fontspec)             - 'bold italic' (b/it) with NFSS spec.: <->"name:Minion
(fontspec)             Pro/BI:mode=base;script=latn;language=dflt;"
(fontspec)             - 'bold italic small caps'  (b/scit) with NFSS spec.:
(fontspec)             <->"name:Minion
(fontspec)             Pro/BI:mode=base;script=latn;language=dflt;+smcp;"

LaTeX Font Info:    Overwriting math alphabet `\mathrm' in version `normal'
(Font)                  TU/XITSMath(1)/m/n --> TU/MinionPro(4)/m/n on input lin
e 17.
LaTeX Font Info:    Overwriting math alphabet `\mathit' in version `normal'
(Font)                  OT1/cmr/m/it --> TU/MinionPro(4)/m/it on input line 17.

LaTeX Font Info:    Overwriting math alphabet `\mathbf' in version `normal'
(Font)                  OT1/cmr/bx/n --> TU/MinionPro(4)/b/n on input line 17.

Package fontspec Info: 
(fontspec)             Font family 'NewsGothicStd(0)' created for font 'News
(fontspec)             Gothic Std' with options [Ligatures=TeX].
(fontspec)              
(fontspec)              This font family consists of the following NFSS
(fontspec)             series/shapes:
(fontspec)              
(fontspec)             - 'normal' (m/n) with NFSS spec.: <->"name:News Gothic
(fontspec)             Std:mode=node;script=latn;language=dflt;+tlig;"
(fontspec)             - 'bold' (b/n) with NFSS spec.: <->"name:News Gothic
(fontspec)             Std/B:mode=node;script=latn;language=dflt;+tlig;"
(fontspec)             - 'italic' (m/it) with NFSS spec.: <->"name:News Gothic
(fontspec)             Std/I:mode=node;script=latn;language=dflt;+tlig;"
(fontspec)             - 'bold italic' (b/it) with NFSS spec.: <->"name:News
(fontspec)             Gothic
(fontspec)             Std/BI:mode=node;script=latn;language=dflt;+tlig;"


Package fontspec Info: 
(fontspec)             Font family 'NewsGothicStd(1)' created for font 'News
(fontspec)             Gothic Std' with options [Renderer=Basic].
(fontspec)              
(fontspec)              This font family consists of the following NFSS
(fontspec)             series/shapes:
(fontspec)              
(fontspec)             - 'normal' (m/n) with NFSS spec.: <->"name:News Gothic
(fontspec)             Std:mode=base;script=latn;language=dflt;"
(fontspec)             - 'bold' (b/n) with NFSS spec.: <->"name:News Gothic
(fontspec)             Std/B:mode=base;script=latn;language=dflt;"
(fontspec)             - 'italic' (m/it) with NFSS spec.: <->"name:News Gothic
(fontspec)             Std/I:mode=base;script=latn;language=dflt;"
(fontspec)             - 'bold italic' (b/it) with NFSS spec.: <->"name:News
(fontspec)             Gothic Std/BI:mode=base;script=latn;language=dflt;"

LaTeX Font Info:    Overwriting math alphabet `\mathsf' in version `normal'
(Font)                  OT1/cmss/m/n --> TU/NewsGothicStd(1)/m/n on input line 
41.
LaTeX Font Info:    Overwriting math alphabet `\mathsf' in version `bold'
(Font)                  OT1/cmss/bx/n --> TU/NewsGothicStd(1)/b/n on input line
 41.
) (/usr/local/texlive/2025/texmf-dist/tex/latex/menukeys/menukeys.sty
Package: menukeys 2022/07/01 v1.6.2 -- A package to format menus, paths and sho
rtcuts

(/usr/local/texlive/2025/texmf-dist/tex/generic/xstring/xstring.sty
(/usr/local/texlive/2025/texmf-dist/tex/generic/xstring/xstring.tex
\xs_counta=\count416
\xs_countb=\count417
)
Package: xstring 2023/08/22 v1.86 String manipulations (CT)
)
(/usr/local/texlive/2025/texmf-dist/tex/generic/pgf/frontendlayer/tikz/librarie
s/tikzlibrarycalc.code.tex
File: tikzlibrarycalc.code.tex 2025-08-29 v3.1.11a (3.1.11a)
)
(/usr/local/texlive/2025/texmf-dist/tex/generic/pgf/frontendlayer/tikz/librarie
s/tikzlibraryshadows.code.tex
File: tikzlibraryshadows.code.tex 2025-08-29 v3.1.11a (3.1.11a)

(/usr/local/texlive/2025/texmf-dist/tex/generic/pgf/frontendlayer/tikz/librarie
s/tikzlibraryfadings.code.tex
File: tikzlibraryfadings.code.tex 2025-08-29 v3.1.11a (3.1.11a)

(/usr/local/texlive/2025/texmf-dist/tex/generic/pgf/libraries/pgflibraryfadings
.code.tex
File: pgflibraryfadings.code.tex 2025-08-29 v3.1.11a (3.1.11a)
)))
(/usr/local/texlive/2025/texmf-dist/tex/latex/adjustbox/adjustbox.sty
Package: adjustbox 2025/02/26 v1.3c Adjusting TeX boxes (trim, clip, ...)

(/usr/local/texlive/2025/texmf-dist/tex/latex/xkeyval/xkeyval.sty
Package: xkeyval 2022/06/16 v2.9 package option processing (HA)

(/usr/local/texlive/2025/texmf-dist/tex/generic/xkeyval/xkeyval.tex
(/usr/local/texlive/2025/texmf-dist/tex/generic/xkeyval/xkvutils.tex
\XKV@toks=\toks42
\XKV@tempa@toks=\toks43
)
\XKV@depth=\count418
File: xkeyval.tex 2014/12/03 v2.7a key=value parser (HA)
))
(/usr/local/texlive/2025/texmf-dist/tex/latex/adjustbox/adjcalc.sty
Package: adjcalc 2012/05/16 v1.1 Provides advanced setlength with multiple back
-ends (calc, etex, pgfmath)
)
(/usr/local/texlive/2025/texmf-dist/tex/latex/adjustbox/trimclip.sty
Package: trimclip 2025/02/21 v1.2a Trim and clip general TeX material

(/usr/local/texlive/2025/texmf-dist/tex/latex/collectbox/collectbox.sty
Package: collectbox 2022/10/17 v0.4c Collect macro arguments as boxes
\collectedbox=\box164
)
\tc@llx=\dimen323
\tc@lly=\dimen324
\tc@urx=\dimen325
\tc@ury=\dimen326
Package trimclip Info: Using driver 'tc-luatex.def'.

(/usr/local/texlive/2025/texmf-dist/tex/latex/adjustbox/tc-luatex.def
File: tc-luatex.def 2025/02/26 v1.1 Clipping driver for luatex

(/usr/local/texlive/2025/texmf-dist/tex/latex/adjustbox/tc-pdftex.def
File: tc-pdftex.def 2025/02/26 v2.3 Clipping driver for pdftex
)))
\adjbox@Width=\dimen327
\adjbox@Height=\dimen328
\adjbox@Depth=\dimen329
\adjbox@Totalheight=\dimen330
\adjbox@pwidth=\dimen331
\adjbox@pheight=\dimen332
\adjbox@pdepth=\dimen333
\adjbox@ptotalheight=\dimen334

(/usr/local/texlive/2025/texmf-dist/tex/latex/ifoddpage/ifoddpage.sty
Package: ifoddpage 2022/10/18 v1.2 Conditionals for odd/even page detection
\c@checkoddpage=\count419
)
(/usr/local/texlive/2025/texmf-dist/tex/latex/varwidth/varwidth.sty
Package: varwidth 2009/03/30 ver 0.92;  Variable-width minipages
\@vwid@box=\box165
\sift@deathcycles=\count420
\@vwid@loff=\dimen335
\@vwid@roff=\dimen336
)
==> First Aid for varwidth.sty applied!
) (/usr/local/texlive/2025/texmf-dist/tex/latex/relsize/relsize.sty
Package: relsize 2013/03/29 ver 4.1
)
\l__twmk_indris_int=\count421
\c@tw@hyphen@char@num=\count422
)
(/usr/local/texlive/texmf-local/tex/dbnotation.tex
(/usr/local/texlive/2025/texmf-dist/tex/latex/ragged2e/ragged2e.sty
Package: ragged2e 2023/06/22 v3.6 ragged2e Package
\CenteringLeftskip=\skip133
\RaggedLeftLeftskip=\skip134
\RaggedRightLeftskip=\skip135
\CenteringRightskip=\skip136
\RaggedLeftRightskip=\skip137
\RaggedRightRightskip=\skip138
\CenteringParfillskip=\skip139
\RaggedLeftParfillskip=\skip140
\RaggedRightParfillskip=\skip141
\JustifyingParfillskip=\skip142
\CenteringParindent=\skip143
\RaggedLeftParindent=\skip144
\RaggedRightParindent=\skip145
\JustifyingParindent=\skip146
)
(/usr/local/texlive/2025/texmf-dist/tex/generic/soul/soul.sty
Package: soul 2023-06-14 v3.1 Permit use of UTF-8 characters in soul (HO)

(/usr/local/texlive/2025/texmf-dist/tex/generic/soul/soul-ori.sty
Package: soul-ori 2023-06-14 v3.1 letterspacing/underlining (mf)
\SOUL@word=\toks44
\SOUL@lasttoken=\toks45
\SOUL@syllable=\toks46
\SOUL@cmds=\toks47
\SOUL@buffer=\toks48
\SOUL@token=\toks49
\SOUL@syllgoal=\dimen337
\SOUL@syllwidth=\dimen338
\SOUL@charkern=\dimen339
\SOUL@hyphkern=\dimen340
\SOUL@dimen=\dimen341
\SOUL@dimeni=\dimen342
\SOUL@minus=\count423
\SOUL@comma=\count424
\SOUL@apo=\count425
\SOUL@grave=\count426
\SOUL@spaceskip=\skip147
\SOUL@ttwidth=\dimen343
\SOUL@uldp=\dimen344
\SOUL@ulht=\dimen345
))
(/usr/local/texlive/texmf-local/tex/tikz-er-crowsfoot.sty
Package: tikz-er-crowsfoot 
\arrowsize=\dimen346
))
(/usr/local/texlive/texmf-local/tex/widths.tex
\photowidth=\skip148
\portraitwidth=\skip149
\verynarrowwidth=\skip150
\narrowwidth=\skip151
\sqrwidth=\skip152
\beyondsqrwidth=\skip153
\nearlylandscapewidth=\skip154
\landscapewidth=\skip155
)
(/usr/local/texlive/texmf-local/tex/miscsettings.tex
(/usr/local/texlive/2025/texmf-dist/tex/latex/wasysym/wasysym.sty
Package: wasysym 2020/01/19 v2.4 Wasy-2 symbol support package
\symwasy=\mathgroup14
LaTeX Font Info:    Overwriting symbol font `wasy' in version `bold'
(Font)                  U/wasy/m/n --> U/wasy/b/n on input line 93.
)
(/usr/local/texlive/2025/texmf-dist/tex/latex/caption/caption.sty
Package: caption 2023/08/05 v3.6o Customizing captions (AR)

(/usr/local/texlive/2025/texmf-dist/tex/latex/caption/caption3.sty
Package: caption3 2023/07/31 v2.4d caption3 kernel (AR)
\caption@tempdima=\dimen347
\captionmargin=\dimen348
\caption@leftmargin=\dimen349
\caption@rightmargin=\dimen350
\caption@width=\dimen351
\caption@indent=\dimen352
\caption@parindent=\dimen353
\caption@hangindent=\dimen354
Package caption Info: Standard document class detected.
)
\c@caption@flags=\count427
\c@continuedfloat=\count428
Package caption Info: hyperref package is loaded.
Package caption Info: listings package is loaded.
Package caption Info: longtable package is loaded.

(/usr/local/texlive/2025/texmf-dist/tex/latex/caption/ltcaption.sty
Package: ltcaption 2021/01/08 v1.4c longtable captions (AR)
)))
(/usr/local/texlive/2025/texmf-dist/tex/latex/tools/calc.sty
Package: calc 2025/03/01 v4.3b Infix arithmetic (KKT,FJ)
\calc@Acount=\count429
\calc@Bcount=\count430
\calc@Adimen=\dimen355
\calc@Bdimen=\dimen356
\calc@Askip=\skip156
\calc@Bskip=\skip157
LaTeX Info: Redefining \setlength on input line 86.
LaTeX Info: Redefining \addtolength on input line 87.
\calc@Ccount=\count431
\calc@Cskip=\skip158
)
(/usr/local/texlive/2025/texmf-dist/tex/latex/framed/framed.sty
Package: framed 2011/10/22 v 0.96: framed or shaded text with page breaks
\OuterFrameSep=\skip159
\fb@frw=\dimen357
\fb@frh=\dimen358
\FrameRule=\dimen359
\FrameSep=\dimen360
)
(/usr/local/texlive/2025/texmf-dist/tex/latex/preview/preview.sty
Package: preview 2024/06/30 14.0.6 (AUCTeX/preview-latex)

(/usr/local/texlive/2025/texmf-dist/tex/generic/luatex85/luatex85.sty
Package: luatex85 2016/06/15 v1.4 pdftex aliases for luatex
)
(/usr/local/texlive/2025/texmf-dist/tex/latex/preview/prtightpage.def
\PreviewBorder=\dimen361
))
(/usr/local/texlive/texmf-local/tex/pandocSyntax.tex
(/usr/local/texlive/2025/texmf-dist/tex/latex/fancyvrb/fancyvrb.sty
Package: fancyvrb 2025/07/28 4.6 verbatim text (tvz,hv)
\FV@CodeLineNo=\count432
\FV@InFile=\read3
\FV@TabBox=\box166
\c@FancyVerbLine=\count433
\FV@StepNumber=\count434
\FV@OutFile=\write4
))
\cslhangindent=\skip160

(/usr/local/texlive/2025/texmf-dist/tex/latex/bookmark/bookmark.sty
Package: bookmark 2023-12-10 v1.31 PDF bookmarks (HO)

(/usr/local/texlive/2025/texmf-dist/tex/latex/bookmark/bkm-pdftex.def
File: bkm-pdftex.def 2023-12-10 v1.31 bookmark driver for pdfTeX and luaTeX (HO
)
\BKM@id=\count435
))
(./fiTriangle.aux
! Undefined control sequence.
l.19 \newlabeldata
                  {__tag_LastPage}{{abspage}{1}{tagmcabs}{6}}
? 
! Missing $ inserted.
<inserted text> 
                $
l.19 \newlabeldata{_
                    _tag_LastPage}{{abspage}{1}{tagmcabs}{6}}
? 

Package tagpdf Warning: Parent-Child 'pdf:StructTreeRoot' --> 'pdf2:Part'.
(tagpdf)                Relation is not allowed! on line 19
(tagpdf)                struct 1, StructTreeRoot --> struct 2, text-unit


Package tagpdf Warning: Parent-Child 'pdf:StructTreeRoot' --> 'pdf2:P'.
(tagpdf)                Relation is not allowed! on line 19
(tagpdf)                struct 2, text-unit --> struct 3, text


! LaTeX Error: Missing \begin{document}.

See the LaTeX manual or LaTeX Companion for explanation.
Type  H <return>  for immediate help.
 ...                                              
                                                  
l.19 \newlabeldata{_
                    _tag_LastPage}{{abspage}{1}{tagmcabs}{6}}
? 
! Missing { inserted.
<to be read again> 
                   _
l.19 \newlabeldata{__
                     tag_LastPage}{{abspage}{1}{tagmcabs}{6}}
? 
)
! Missing $ inserted.
<inserted text> 
                $
l.96 \begin{document}
                     
? 
! Missing } inserted.
<inserted text> 
                }
l.96 \begin{document}
                     
? 

\openout1 = fiTriangle.aux
LaTeX Font Info:    Checking defaults for OML/cmm/m/it on input line 96.
LaTeX Font Info:    ... okay on input line 96.
LaTeX Font Info:    Checking defaults for OMS/cmsy/m/n on input line 96.
LaTeX Font Info:    ... okay on input line 96.
LaTeX Font Info:    Checking defaults for OT1/cmr/m/n on input line 96.
LaTeX Font Info:    ... okay on input line 96.
LaTeX Font Info:    Checking defaults for T1/cmr/m/n on input line 96.
LaTeX Font Info:    ... okay on input line 96.
LaTeX Font Info:    Checking defaults for TS1/cmr/m/n on input line 96.
LaTeX Font Info:    ... okay on input line 96.
LaTeX Font Info:    Checking defaults for TU/lmr/m/n on input line 96.
LaTeX Font Info:    ... okay on input line 96.
LaTeX Font Info:    Checking defaults for OMX/cmex/m/n on input line 96.
LaTeX Font Info:    ... okay on input line 96.
LaTeX Font Info:    Checking defaults for U/cmr/m/n on input line 96.
LaTeX Font Info:    ... okay on input line 96.
LaTeX Font Info:    Checking defaults for PD1/pdf/m/n on input line 96.
LaTeX Font Info:    ... okay on input line 96.
LaTeX Font Info:    Checking defaults for PU/pdf/m/n on input line 96.
LaTeX Font Info:    ... okay on input line 96.
Inserting `tagpdf' in `pre_shipout_filter'.
Inserting `tagpdf' in `pre_shipout_filter'.

Package tagpdf Warning: Parent-Child 'pdf2:P' --> 'pdf2:Document'.
(tagpdf)                Relation is not allowed! on line 96
(tagpdf)                struct 3, text --> struct 4, Document

(/usr/local/texlive/2025/texmf-dist/tex/context/base/mkii/supp-pdf.mkii
[Loading MPS to PDF converter (version 2006.09.02).]
\scratchcounter=\count436
\scratchdimen=\dimen362
\scratchbox=\box167
\nofMPsegments=\count437
\nofMParguments=\count438
\everyMPshowfont=\toks50
\MPscratchCnt=\count439
\MPscratchDim=\dimen363
\MPnumerator=\count440
\makeMPintoPDFobject=\count441
\everyMPtoPDFconversion=\toks51
) (/usr/local/texlive/2025/texmf-dist/tex/latex/epstopdf-pkg/epstopdf-base.sty
Package: epstopdf-base 2020-01-24 v2.11 Base part for package epstopdf
Package epstopdf-base Info: Redefining graphics rule for `.eps' on input line 4
85.

(/usr/local/texlive/2025/texmf-dist/tex/latex/latexconfig/epstopdf-sys.cfg
File: epstopdf-sys.cfg 2010/07/13 v1.3 Configuration of (r)epstopdf for TeX Liv
e
))
Package hyperref Info: Link coloring ON on input line 96.

*geometry* driver: auto-detecting
*geometry* detected driver: luatex
*geometry* verbose mode - [ preamble ] result:
* driver: luatex
* paper: custom
* layout: <same size as paper>
* layoutoffset:(h,v)=(0.0pt,0.0pt)
* modes: 
* h-part:(L,W,R)=(45.16875pt, 307.14749pt, 45.16875pt)
* v-part:(T,H,B)=(43.362pt, 505.89pt, 65.043pt)
* \paperwidth=397.48499pt
* \paperheight=614.295pt
* \textwidth=307.14749pt
* \textheight=505.89pt
* \oddsidemargin=-27.10124pt
* \evensidemargin=-27.10124pt
* \topmargin=-65.90799pt
* \headheight=12.0pt
* \headsep=25.0pt
* \topskip=12.0pt
* \footskip=30.0pt
* \marginparwidth=44.0pt
* \marginparsep=10.0pt
* \columnsep=10.0pt
* \skip\footins=10.8pt plus 4.0pt minus 2.0pt
* \hoffset=0.0pt
* \voffset=0.0pt
* \mag=1000
* \@twocolumnfalse
* \@twosidefalse
* \@mparswitchfalse
* \@reversemarginfalse
* (1in=72.27pt=25.4mm, 1cm=28.453pt)

\c@lstlisting=\count442
LaTeX Font Info:    Overwriting math alphabet `\mathtt' in version `normal'
(Font)                  OT1/cmtt/m/n --> TU/MinionPro(2)/m/n on input line 96.
LaTeX Font Info:    Overwriting math alphabet `\mathtt' in version `bold'
(Font)                  OT1/cmtt/m/n --> TU/MinionPro(2)/b/n on input line 96.
Package caption Info: Begin \AtBeginDocument code.
Package caption Info: End \AtBeginDocument code.

LaTeX DocumentMetadata Warning: The language has not been set in
(DocumentMetadata)              \DocumentMetadata.
(DocumentMetadata)              Setting it to 'en' as fallback.

(./fiTriangle.tex

Package tagpdf Warning: Parent-Child 'pdf:StructTreeRoot' --> 'pdf2:Part'.
(tagpdf)                Relation is not allowed! on line 4
(tagpdf)                struct 2, text-unit --> struct 5, text-unit


Package tagpdf Warning: Parent-Child 'pdf:StructTreeRoot' --> 'pdf2:P'.
(tagpdf)                Relation is not allowed! on line 4
(tagpdf)                struct 5, text-unit --> struct 6, text


Package tagpdf Warning: Parent-Child 'pdf:StructTreeRoot' --> 'pdf2:Part'.
(tagpdf)                Relation is not allowed! on line 8
(tagpdf)                struct 2, text-unit --> struct 7, text-unit


Package tagpdf Warning: Parent-Child 'pdf:StructTreeRoot' --> 'pdf2:P'.
(tagpdf)                Relation is not allowed! on line 8
(tagpdf)                struct 7, text-unit --> struct 8, text


Package tagpdf Warning: Parent-Child 'pdf:StructTreeRoot' --> 'pdf2:Part'.
(tagpdf)                Relation is not allowed! on line 12
(tagpdf)                struct 2, text-unit --> struct 9, text-unit


Package tagpdf Warning: Parent-Child 'pdf:StructTreeRoot' --> 'pdf2:P'.
(tagpdf)                Relation is not allowed! on line 12
(tagpdf)                struct 9, text-unit --> struct 10, text

LaTeX Font Info:    Font shape `TU/MinionPro(2)/m/n' will be
(Font)              scaled to size 12.0pt on input line 21.
LaTeX Font Info:    Font shape `TU/MinionPro(2)/m/n' will be
(Font)              scaled to size 10.95pt on input line 21.
LaTeX Font Info:    Font shape `TU/MinionPro(2)/m/n' will be
(Font)              scaled to size 10.0pt on input line 29.

Package tagpdf Warning: Parent-Child 'pdf:StructTreeRoot' --> 'pdf2:Part'.
(tagpdf)                Relation is not allowed! on line 34
(tagpdf)                struct 2, text-unit --> struct 11, text-unit


Package tagpdf Warning: Parent-Child 'pdf:StructTreeRoot' --> 'pdf2:P'.
(tagpdf)                Relation is not allowed! on line 34
(tagpdf)                struct 11, text-unit --> struct 12, text

)

[1

{/usr/local/texlive/2025/texmf-var/fonts/map/pdftex/updmap/pdftex.map}]<<latex-l
ist-css.html>><<latex-align-css.html>> (./fiTriangle.aux)
 ***********
LaTeX2e <2025-06-01> patch level 1
L3 programming layer <2025-08-13>
 ***********


LaTeX Warning: Label(s) may have changed. Rerun to get cross-references right.


Package tagpdf Info: Finalizing the tagging structure:
(tagpdf)             Writing out ~12 structure objects
(tagpdf)             with ~7 'MC' leaf nodes.
(tagpdf)             Be patient if there are lots of objects!

Package tagpdf Info: writing ParentTree
Package tagpdf Info: writing IDTree
Package tagpdf Info: writing RoleMap
Package tagpdf Info: writing ClassMap
Package tagpdf Info: writing NameSpaces
Package tagpdf Info: writing StructElems
Package tagpdf Info: writing Root
)

Here is how much of LuaTeX's memory you used:
 44181 strings out of 470117
 100000,1977958 words of node,token memory allocated
 1437 words of node memory still in use:
   23 hlist, 2 vlist, 10 rule, 2 glue, 4 kern, 3 glyph, 62 attribute, 130 glue_s
pec, 56 attribute_list, 1 write, 16 pdf_literal, 16 pdf_colorstack nodes
   avail lists: 1:10,2:1471,3:958,4:78,5:204,6:15,7:901,8:33,9:398,10:1
 71328 multiletter control sequences out of 65536+600000
 136 fonts using 36520235 bytes
 109i,6n,121p,490b,2938s stack positions out of 10000i,1000n,20000p,200000b,200000s
</Users/mm223266/Library/Fonts/MinionPro-Regular.otf></Users/mm223266/Library/Fo
nts/MinionPro-Regular.otf></Users/mm223266/Library/Fonts/MinionPro-It.otf>
Output written on fiTriangle.pdf (1 page, 31132 bytes).

PDF statistics: 96 PDF objects out of 1000 (max. 8388607)
 8 compressed objects within 1 object stream
 2 named destinations out of 1000 (max. 131072)
 331 words of extra memory for PDF output out of 10000 (max. 100000000)

